{"stats":{"minecraft:killed":{"born_in_chaos_v1:zombie_clown":1,"alexsmobs:hummingbird":1,"alexscaves:tremorsaurus":2,"minecraft:cave_spider":2,"born_in_chaos_v1:zombie_lumberjack":2,"minecraft:spider":5,"born_in_chaos_v1:thornshell_crab":1,"born_in_chaos_v1:zombie_bruiser":2,"born_in_chaos_v1:baby_skeleton_minion":6,"born_in_chaos_v1:maggot":6,"alexsmobs:leafcutter_ant":4,"minecraft:chicken":1,"gnumus:pitcher_mousse":1,"gnumus:gnumus_hunter":6,"born_in_chaos_v1:skeleton_thrasher":1,"alexscaves:relicheirus":1,"born_in_chaos_v1:firelight_not_despawn":1,"artifacts:mimic":1,"born_in_chaos_v1:spirit_guide":1,"born_in_chaos_v1:bonescaller":1,"born_in_chaos_v1:diamond_termite":6,"born_in_chaos_v1:baby_skeleton":1,"born_in_chaos_v1:swarmer":1,"minecraft:creeper":1,"born_in_chaos_v1:decrepit_skeleton":6,"minecraft:zombie":11,"alexscaves:subterranodon":3,"born_in_chaos_v1:corpse_fly":8,"alexscaves:trilocaris":2,"alexsmobs:fly":1,"alexscaves:grottoceratops":2,"minecraft:cow":2,"alexscaves:vallumraptor":10},"minecraft:killed_by":{"alexscaves:tremorsaurus":7,"minecraft:player":1,"born_in_chaos_v1:baby_skeleton_minion":2,"born_in_chaos_v1:skeleton_thrasher":1,"born_in_chaos_v1:swarmer":1,"born_in_chaos_v1:zombie_bruiser":1,"alexscaves:vallumraptor":3,"born_in_chaos_v1:dark_vortex":1,"born_in_chaos_v1:baby_skeleton":1,"born_in_chaos_v1:corpse_fly":1,"born_in_chaos_v1:bonescaller":4,"born_in_chaos_v1:diamond_termite":3,"minecraft:cave_spider":2,"minecraft:skeleton":3,"artifacts:mimic":2,"minecraft:zombie":1,"born_in_chaos_v1:dread_hound":1},"minecraft:custom":{"minecraft:mob_kills":111,"minecraft:interact_with_crafting_table":23,"minecraft:open_barrel":20,"minecraft:interact_with_campfire":3,"minecraft:damage_dealt_resisted":911,"minecraft:leave_game":5,"minecraft:time_since_death":4754,"minecraft:climb_one_cm":5896,"minecraft:sprint_one_cm":417973,"minecraft:walk_one_cm":371496,"minecraft:damage_blocked_by_shield":4705,"minecraft:drop":134,"minecraft:play_time":199006,"minecraft:sneak_time":6089,"minecraft:deaths":39,"minecraft:walk_under_water_one_cm":21741,"minecraft:jump":3984,"minecraft:walk_on_water_one_cm":29928,"minecraft:total_world_time":199006,"minecraft:interact_with_furnace":15,"minecraft:interact_with_cartography_table":1,"minecraft:interact_with_grindstone":2,"minecraft:sleep_in_bed":3,"minecraft:time_since_rest":4779,"minecraft:damage_taken":13449,"minecraft:damage_dealt":27150,"minecraft:swim_one_cm":72016,"minecraft:fly_one_cm":758348,"minecraft:open_chest":33,"minecraft:crouch_one_cm":15467,"minecraft:fall_one_cm":144184},"minecraft:used":{"born_in_chaos_v1:intoxicating_decoction":1,"minecraft:shield":104,"born_in_chaos_v1:black_argillite":6,"minecraft:iron_sword":7,"alexscaves:primal_magma":2,"vinery:jungle_grapes_red":1,"minecraft:rotten_flesh":10,"minecraft:iron_chestplate":3,"minecraft:torch":5,"minecraft:dirt":1,"alexscaves:flood_basalt":4,"minecraft:carrot":8,"alexscaves:limestone":29,"minecraft:obsidian":5,"minecraft:tuff":1,"minecraft:granite":1,"alexscaves:limestone_spear":43,"born_in_chaos_v1:corpse_maggot":5,"born_in_chaos_v1:smoked_flesh":3,"beachparty:rubber_ring_axolotl":1,"minecraft:iron_axe":129,"alexscaves:primordial_helmet":1,"minecraft:golden_carrot":1,"minecraft:furnace":2,"minecraft:cooked_beef":2,"minecraft:cobbled_deepslate":33,"minecraft:water_bucket":1,"alexscaves:smooth_limestone":2,"alexscaves:dinosaur_nugget":33,"minecraft:diorite":7,"gnumus:overripe_carrot":3,"minecraft:oak_planks":1,"minecraft:stone_pickaxe":27,"minecraft:wooden_pickaxe":28,"minecraft:diamond_axe":44,"biomesoplenty:lavender":6,"alexscaves:primitive_club":17,"minecraft:crafting_table":12,"minecraft:magenta_bed":5,"minecraft:dripstone_block":3,"minecraft:diamond_pickaxe":131,"minecraft:apple":10,"born_in_chaos_v1:monster_flesh":1,"gnumus:gnumus_chickpeas":3,"minecraft:melon_slice":8,"minecraft:bread":16,"minecraft:iron_pickaxe":162,"minecraft:soul_lantern":2,"minecraft:stone_axe":113,"alexscaves:cycad":3,"minecraft:diamond_sword":239,"minecraft:cobblestone":9,"minecraft:bucket":2,"minecraft:andesite":24,"alexsmobs:animal_dictionary":3,"alexscaves:flytrap":1,"beachparty:rubber_ring_pelican":1},"minecraft:picked_up":{"minecraft:coarse_dirt":6,"minecraft:charcoal":25,"minecraft:crafting_table":11,"born_in_chaos_v1:diamond_termite_shard":6,"alexscaves:primal_magma":2,"alexscaves:tough_hide":3,"minecraft:chicken":3,"gnumus:gnumus_claw":6,"alexscaves:trilocaris_tail":3,"alexscaves:flood_basalt":7,"gravestone:obituary":18,"alexscaves:smooth_limestone":2,"born_in_chaos_v1:black_argillite":6,"minecraft:cornflower":1,"minecraft:string":8,"born_in_chaos_v1:intoxicating_decoction":2,"alexscaves:dinosaur_chop":5,"biomesoplenty:black_sand":1,"minecraft:cobbled_deepslate":51,"minecraft:beef":3,"alexscaves:flytrap":1,"alexscaves:amber_monolith":2,"minecraft:iron_pickaxe":1,"minecraft:coal_block":2,"minecraft:melon_slice":46,"biomesoplenty:wildflower":2,"minecraft:sugar_cane":2,"minecraft:furnace":3,"minecraft:stick":9,"minecraft:raw_iron":20,"born_in_chaos_v1:shattered_skull":2,"alexscaves:limestone_spear":1,"alexscaves:cycad":3,"minecraft:torch":1,"alexscaves:limestone_pillar":2,"alexscaves:heavy_bone":6,"alexscaves:fern_thatch":1,"minecraft:cherry_log":1,"minecraft:diorite":7,"born_in_chaos_v1:pieceofdarkmetal":4,"minecraft:carrot":1,"minecraft:redstone":10,"gnumus:gnumus_clay_brick_slap":1,"gnumus:vintage_metal":1,"minecraft:rotten_flesh":72,"gnumus:gnumus_chickpeas":15,"born_in_chaos_v1:spiny_shell":2,"gnumus:mouse_skin":20,"minecraft:glow_berries":3,"minecraft:mutton":3,"minecraft:cod":1,"alexsmobs:kangaroo_meat":2,"minecraft:cobblestone":98,"minecraft:flint":1,"biomesoplenty:lavender":16,"born_in_chaos_v1:corpse_maggot":9,"gnumus:gnumus_doubloons":14,"minecraft:jungle_log":131,"minecraft:feather":1,"minecraft:cooked_beef":2,"minecraft:golden_carrot":1,"minecraft:glow_ink_sac":2,"minecraft:andesite":32,"gnumus:overripe_carrot":5,"minecraft:leather":6,"alexscaves:limestone":39,"gnumus:gnumus_pouch":7,"minecraft:tuff":1,"minecraft:oak_log":19,"minecraft:magenta_bed":5,"minecraft:lapis_lazuli":54,"minecraft:dirt":16,"gnumus:gnumus_pouch_2":4,"alexscaves:pewen_sapling":2,"minecraft:bone":40,"minecraft:apple":2,"gnumus:gnumus_horn":1,"minecraft:wheat_seeds":10,"minecraft:raw_gold":4,"born_in_chaos_v1:smoked_flesh":3,"minecraft:iron_ingot":10,"artifacts:whoopee_cushion":2,"minecraft:moss_block":7,"minecraft:iron_sword":1,"minecraft:oak_planks":1,"minecraft:smooth_basalt":4,"minecraft:sweet_berries":2,"minecraft:stone_brick_slab":2,"minecraft:gravel":6,"born_in_chaos_v1:ethereal_spirit":2,"minecraft:dripstone_block":6,"alexscaves:tree_star":12,"minecraft:spruce_log":2,"minecraft:crying_obsidian":1,"minecraft:spider_eye":3,"vinery:jungle_grapes_red":1,"minecraft:diamond":10,"minecraft:stone_axe":3,"gnumus:gnumus_clay":32,"minecraft:soul_lantern":2,"minecraft:bone_meal":1,"minecraft:bread":3,"minecraft:oak_sapling":3,"born_in_chaos_v1:rotten_fish":2,"minecraft:coal":6,"alexscaves:ancient_sapling":10},"minecraft:mined":{"alexscaves:flood_basalt":8,"minecraft:tuff":1,"alexscaves:primal_magma":21,"minecraft:deepslate_diamond_ore":8,"farmersdelight:wild_carrots":1,"alexsmobs:leafcutter_anthill":1,"biomesoplenty:desert_grass":4,"alexscaves:limestone":44,"gravestone:gravestone":38,"minecraft:grass_block":12,"alexscaves:pewen_branch":1,"born_in_chaos_v1:black_argillite":6,"alexsmobs:leafcutter_ant_chamber":4,"minecraft:coal_block":2,"minecraft:moss_block":7,"minecraft:spawner":1,"alexscaves:subterranodon_egg":1,"minecraft:large_fern":3,"minecraft:furnace":3,"minecraft:iron_ore":2,"minecraft:fire":1,"minecraft:cobbled_deepslate":3,"biomesoplenty:lavender":11,"minecraft:andesite":32,"treechop:chopped_log":3,"minecraft:deepslate_lapis_ore":3,"alexscaves:amber_monolith":2,"minecraft:deepslate_iron_ore":11,"minecraft:vine":1,"biomesoplenty:webbing":13,"gnumus:fragile_gnumus_jug":8,"minecraft:stone":81,"biomesoplenty:spider_egg":2,"alexscaves:limestone_pillar":2,"minecraft:deepslate_redstone_ore":2,"alexscaves:fern_thatch":1,"alexscaves:flytrap":1,"biomesoplenty:wildflower":1,"alexscaves:cave_painting_dino_nuggets":1,"biomesoplenty:black_sand":1,"minecraft:soul_lantern":2,"born_in_chaos_v1:infected_deepslate_diamond_ore":6,"minecraft:crafting_table":8,"minecraft:cornflower":1,"minecraft:torch":1,"minecraft:melon":9,"minecraft:campfire":1,"minecraft:tall_grass":5,"minecraft:cobblestone":1,"biomesoplenty:sprout":1,"minecraft:deepslate_gold_ore":4,"minecraft:lapis_ore":2,"minecraft:oak_planks":1,"beachparty:dry_bush":1,"minecraft:diorite":10,"minecraft:coarse_dirt":1,"minecraft:magenta_bed":5,"minecraft:grass":52,"minecraft:oak_log":3,"minecraft:gravel":8,"gnumus:gnumus_clay_brick_slap":1,"alexscaves:cycad":1,"minecraft:dirt":2,"biomesoplenty:stringy_cobweb":6,"minecraft:smooth_basalt":7,"alexscaves:cave_painting_footprints":1,"minecraft:oak_leaves":13,"minecraft:deepslate":38,"minecraft:fern":9},"minecraft:broken":{"minecraft:shield":2},"minecraft:crafted":{"minecraft:oak_planks":52,"minecraft:bone_meal":51,"minecraft:cooked_mutton":3,"minecraft:leather":12,"minecraft:iron_boots":1,"minecraft:iron_axe":1,"minecraft:stone_pickaxe":1,"minecraft:chest":2,"minecraft:bone_block":5,"minecraft:diamond_sword":1,"sophisticatedbackpacks:backpack":2,"minecraft:diamond_axe":1,"minecraft:crafting_table":4,"minecraft:wooden_pickaxe":2,"minecraft:bucket":1,"minecraft:stone_axe":3,"minecraft:bread":7,"minecraft:air":0,"minecraft:iron_chestplate":1,"minecraft:charcoal":1,"minecraft:diamond_pickaxe":1,"minecraft:shield":2,"minecraft:stick":16,"minecraft:iron_ingot":16,"minecraft:iron_pickaxe":2,"alexscaves:primordial_helmet":1,"minecraft:torch":4},"minecraft:dropped":{"minecraft:iron_ingot":1,"born_in_chaos_v1:intoxicating_decoction":1,"minecraft:iron_sword":1,"born_in_chaos_v1:shattered_skull":1,"minecraft:wheat_seeds":7,"minecraft:oak_log":1,"minecraft:glass_bottle":1,"gnumus:gnumus_clay_brick_slap":1,"minecraft:crafting_table":4,"minecraft:dripstone_block":3,"biomesoplenty:lavender":10,"minecraft:cobblestone":41,"alexscaves:limestone_spear":20,"minecraft:stick":1,"born_in_chaos_v1:monster_flesh":2,"minecraft:dirt":6,"minecraft:cornflower":1,"alexscaves:dinosaur_nugget":3,"gravestone:obituary":59,"minecraft:iron_axe":1,"minecraft:string":4,"minecraft:stone_brick_slab":2,"minecraft:redstone":10,"minecraft:stone_axe":3,"minecraft:coarse_dirt":6,"alexsmobs:animal_dictionary":1,"minecraft:cobbled_deepslate":8,"minecraft:raw_copper":6,"minecraft:raw_iron":1,"minecraft:rotten_flesh":30,"iammusicplayer:radio_antenna":1,"sophisticatedbackpacks:backpack":1,"gnumus:gnumus_doubloons":3,"minecraft:jungle_log":64,"minecraft:andesite":8,"born_in_chaos_v1:corpse_maggot":2,"biomesoplenty:wildflower":2,"gnumus:gnumus_chickpeas":3,"minecraft:oak_sapling":3,"minecraft:spider_eye":3,"minecraft:wooden_pickaxe":3,"minecraft:stone_pickaxe":2,"minecraft:crying_obsidian":1}},"DataVersion":3465}