{"stats":{"minecraft:killed":{"born_in_chaos_v1:zombie_clown":1,"minecraft:cave_spider":1,"born_in_chaos_v1:diamond_termite":6,"born_in_chaos_v1:zombie_lumberjack":1,"born_in_chaos_v1:baby_skeleton":1,"minecraft:spider":1,"born_in_chaos_v1:decrepit_skeleton":1,"minecraft:zombie":6,"gnumus:gnumus_hunter":3,"artifacts:mimic":1},"minecraft:killed_by":{"born_in_chaos_v1:baby_skeleton_minion":1,"minecraft:player":1,"born_in_chaos_v1:diamond_termite":3,"minecraft:cave_spider":1,"born_in_chaos_v1:skeleton_thrasher":1,"artifacts:mimic":2,"born_in_chaos_v1:baby_skeleton":1},"minecraft:custom":{"minecraft:interact_with_furnace":6,"minecraft:mob_kills":23,"minecraft:interact_with_crafting_table":4,"minecraft:interact_with_cartography_table":1,"minecraft:open_barrel":4,"minecraft:leave_game":2,"minecraft:time_since_death":4646,"minecraft:sleep_in_bed":1,"minecraft:time_since_rest":4671,"minecraft:sprint_one_cm":91773,"minecraft:damage_taken":4094,"minecraft:walk_one_cm":86322,"minecraft:damage_blocked_by_shield":1600,"minecraft:drop":26,"minecraft:damage_dealt":5441,"minecraft:swim_one_cm":552,"minecraft:fly_one_cm":129508,"minecraft:crouch_one_cm":3028,"minecraft:play_time":42062,"minecraft:deaths":13,"minecraft:sneak_time":1078,"minecraft:walk_under_water_one_cm":89,"minecraft:jump":736,"minecraft:walk_on_water_one_cm":1233,"minecraft:total_world_time":42062,"minecraft:fall_one_cm":36309},"minecraft:used":{"minecraft:stone_pickaxe":27,"born_in_chaos_v1:intoxicating_decoction":1,"minecraft:shield":47,"gnumus:overripe_carrot":3,"minecraft:wooden_pickaxe":3,"minecraft:rotten_flesh":1,"minecraft:torch":5,"minecraft:crafting_table":2,"minecraft:tuff":1,"minecraft:granite":1,"minecraft:apple":2,"minecraft:iron_pickaxe":25,"minecraft:soul_lantern":2,"minecraft:stone_axe":84,"minecraft:cobblestone":1,"alexsmobs:animal_dictionary":3,"minecraft:cobbled_deepslate":17},"minecraft:picked_up":{"born_in_chaos_v1:diamond_termite_shard":6,"minecraft:crafting_table":2,"minecraft:glow_ink_sac":2,"gnumus:overripe_carrot":3,"gnumus:gnumus_claw":1,"gnumus:gnumus_pouch":1,"minecraft:tuff":1,"gravestone:obituary":5,"minecraft:oak_log":6,"minecraft:string":1,"gnumus:gnumus_pouch_2":1,"born_in_chaos_v1:intoxicating_decoction":2,"minecraft:bone":1,"minecraft:apple":2,"minecraft:cobbled_deepslate":24,"minecraft:raw_gold":4,"minecraft:iron_ingot":3,"artifacts:whoopee_cushion":1,"minecraft:furnace":1,"minecraft:raw_iron":9,"born_in_chaos_v1:shattered_skull":1,"minecraft:torch":1,"minecraft:dripstone_block":3,"minecraft:spruce_log":2,"minecraft:redstone":10,"minecraft:spider_eye":1,"minecraft:rotten_flesh":20,"gnumus:gnumus_clay":5,"minecraft:soul_lantern":2,"minecraft:oak_sapling":2,"minecraft:cobblestone":4},"minecraft:mined":{"minecraft:deepslate_redstone_ore":2,"minecraft:tuff":1,"minecraft:soul_lantern":2,"minecraft:crafting_table":2,"born_in_chaos_v1:infected_deepslate_diamond_ore":6,"minecraft:torch":1,"gravestone:gravestone":13,"minecraft:cobblestone":1,"minecraft:deepslate_gold_ore":4,"minecraft:furnace":1,"treechop:chopped_log":1,"minecraft:oak_log":3,"minecraft:deepslate_iron_ore":3,"biomesoplenty:stringy_cobweb":1,"biomesoplenty:spider_egg":2,"minecraft:deepslate":19},"minecraft:crafted":{"minecraft:oak_planks":24,"minecraft:crafting_table":2,"minecraft:wooden_pickaxe":1,"minecraft:stone_axe":1,"minecraft:air":0,"minecraft:charcoal":1,"minecraft:shield":1,"minecraft:stick":8,"minecraft:iron_ingot":7,"minecraft:iron_pickaxe":1,"minecraft:stone_pickaxe":1,"minecraft:torch":4},"minecraft:dropped":{"minecraft:iron_ingot":1,"minecraft:rotten_flesh":2,"gravestone:obituary":20,"minecraft:spider_eye":1,"minecraft:wooden_pickaxe":2}},"DataVersion":3465}