{"stats":{"minecraft:killed":{"born_in_chaos_v1:zombie_clown":1,"minecraft:cave_spider":2,"born_in_chaos_v1:diamond_termite":6,"born_in_chaos_v1:zombie_lumberjack":1,"born_in_chaos_v1:baby_skeleton":1,"minecraft:spider":1,"born_in_chaos_v1:decrepit_skeleton":2,"minecraft:zombie":8,"born_in_chaos_v1:corpse_fly":1,"gnumus:gnumus_hunter":3,"artifacts:mimic":1},"minecraft:killed_by":{"born_in_chaos_v1:baby_skeleton_minion":1,"minecraft:player":1,"born_in_chaos_v1:diamond_termite":3,"minecraft:cave_spider":1,"minecraft:skeleton":1,"born_in_chaos_v1:skeleton_thrasher":1,"artifacts:mimic":2,"born_in_chaos_v1:dark_vortex":1,"born_in_chaos_v1:baby_skeleton":1,"born_in_chaos_v1:corpse_fly":1,"born_in_chaos_v1:dread_hound":1},"minecraft:custom":{"minecraft:interact_with_furnace":6,"minecraft:mob_kills":31,"minecraft:interact_with_crafting_table":5,"minecraft:interact_with_cartography_table":1,"minecraft:open_barrel":4,"minecraft:leave_game":2,"minecraft:time_since_death":2524,"minecraft:sleep_in_bed":2,"minecraft:climb_one_cm":231,"minecraft:time_since_rest":2556,"minecraft:sprint_one_cm":107774,"minecraft:damage_taken":5114,"minecraft:walk_one_cm":102032,"minecraft:damage_blocked_by_shield":1825,"minecraft:drop":33,"minecraft:damage_dealt":6925,"minecraft:swim_one_cm":6654,"minecraft:fly_one_cm":168068,"minecraft:crouch_one_cm":3565,"minecraft:play_time":66062,"minecraft:deaths":17,"minecraft:sneak_time":1247,"minecraft:walk_under_water_one_cm":4359,"minecraft:jump":942,"minecraft:walk_on_water_one_cm":5215,"minecraft:total_world_time":66062,"minecraft:fall_one_cm":43260},"minecraft:used":{"minecraft:stone_pickaxe":27,"minecraft:oak_planks":1,"born_in_chaos_v1:intoxicating_decoction":1,"minecraft:shield":54,"gnumus:overripe_carrot":3,"minecraft:wooden_pickaxe":3,"minecraft:rotten_flesh":5,"minecraft:torch":5,"minecraft:crafting_table":3,"minecraft:magenta_bed":1,"minecraft:tuff":1,"minecraft:granite":1,"minecraft:apple":2,"minecraft:iron_pickaxe":32,"minecraft:soul_lantern":2,"minecraft:stone_axe":105,"minecraft:cobblestone":1,"alexsmobs:animal_dictionary":3,"minecraft:cobbled_deepslate":22},"minecraft:picked_up":{"born_in_chaos_v1:corpse_maggot":1,"born_in_chaos_v1:diamond_termite_shard":6,"minecraft:crafting_table":3,"gnumus:gnumus_doubloons":2,"minecraft:glow_ink_sac":2,"gnumus:overripe_carrot":3,"gnumus:gnumus_claw":1,"gnumus:gnumus_pouch":2,"minecraft:tuff":1,"gravestone:obituary":7,"minecraft:oak_log":11,"minecraft:magenta_bed":1,"minecraft:string":3,"gnumus:gnumus_pouch_2":1,"born_in_chaos_v1:intoxicating_decoction":2,"minecraft:bone":3,"minecraft:apple":2,"minecraft:cobbled_deepslate":27,"minecraft:raw_gold":4,"minecraft:iron_ingot":4,"artifacts:whoopee_cushion":1,"minecraft:oak_planks":1,"minecraft:furnace":1,"minecraft:raw_iron":9,"born_in_chaos_v1:shattered_skull":1,"minecraft:torch":1,"minecraft:dripstone_block":3,"minecraft:spruce_log":2,"minecraft:redstone":10,"minecraft:spider_eye":1,"minecraft:rotten_flesh":27,"minecraft:diamond":3,"gnumus:gnumus_clay":5,"minecraft:soul_lantern":2,"minecraft:oak_sapling":2,"minecraft:cobblestone":4},"minecraft:mined":{"minecraft:deepslate_redstone_ore":2,"minecraft:tuff":1,"minecraft:deepslate_diamond_ore":3,"minecraft:soul_lantern":2,"minecraft:crafting_table":3,"born_in_chaos_v1:infected_deepslate_diamond_ore":6,"minecraft:torch":1,"gravestone:gravestone":17,"minecraft:cobblestone":1,"minecraft:deepslate_gold_ore":4,"minecraft:oak_planks":1,"minecraft:furnace":1,"minecraft:cobbled_deepslate":2,"minecraft:magenta_bed":1,"treechop:chopped_log":1,"minecraft:oak_log":3,"minecraft:deepslate_iron_ore":3,"biomesoplenty:webbing":1,"biomesoplenty:stringy_cobweb":2,"biomesoplenty:spider_egg":2,"minecraft:deepslate":20},"minecraft:crafted":{"minecraft:oak_planks":24,"minecraft:crafting_table":2,"minecraft:wooden_pickaxe":1,"minecraft:stone_axe":2,"minecraft:air":0,"minecraft:charcoal":1,"minecraft:shield":1,"minecraft:stick":8,"minecraft:iron_ingot":7,"minecraft:iron_pickaxe":1,"minecraft:stone_pickaxe":1,"minecraft:torch":4},"minecraft:dropped":{"minecraft:iron_ingot":1,"minecraft:rotten_flesh":3,"gravestone:obituary":26,"minecraft:spider_eye":1,"minecraft:wooden_pickaxe":2}},"DataVersion":3465}