{"stats":{"minecraft:killed":{"born_in_chaos_v1:zombie_clown":1,"alexsmobs:hummingbird":1,"minecraft:cave_spider":2,"born_in_chaos_v1:zombie_lumberjack":2,"minecraft:spider":5,"born_in_chaos_v1:thornshell_crab":1,"born_in_chaos_v1:zombie_bruiser":2,"born_in_chaos_v1:baby_skeleton_minion":6,"born_in_chaos_v1:maggot":6,"alexsmobs:leafcutter_ant":4,"minecraft:chicken":1,"gnumus:pitcher_mousse":1,"gnumus:gnumus_hunter":6,"born_in_chaos_v1:skeleton_thrasher":1,"born_in_chaos_v1:firelight_not_despawn":1,"artifacts:mimic":1,"born_in_chaos_v1:spirit_guide":1,"born_in_chaos_v1:bonescaller":1,"born_in_chaos_v1:swarmer":1,"born_in_chaos_v1:diamond_termite":6,"born_in_chaos_v1:baby_skeleton":1,"minecraft:creeper":1,"born_in_chaos_v1:decrepit_skeleton":6,"minecraft:zombie":11,"alexscaves:subterranodon":1,"born_in_chaos_v1:corpse_fly":8,"alexsmobs:fly":1,"minecraft:cow":2},"minecraft:killed_by":{"minecraft:player":1,"born_in_chaos_v1:baby_skeleton_minion":2,"born_in_chaos_v1:skeleton_thrasher":1,"born_in_chaos_v1:swarmer":1,"born_in_chaos_v1:zombie_bruiser":1,"born_in_chaos_v1:dark_vortex":1,"born_in_chaos_v1:baby_skeleton":1,"born_in_chaos_v1:corpse_fly":1,"born_in_chaos_v1:bonescaller":4,"born_in_chaos_v1:diamond_termite":3,"minecraft:cave_spider":2,"minecraft:skeleton":3,"artifacts:mimic":2,"minecraft:zombie":1,"born_in_chaos_v1:dread_hound":1},"minecraft:custom":{"minecraft:mob_kills":92,"minecraft:interact_with_crafting_table":18,"minecraft:open_barrel":20,"minecraft:damage_dealt_resisted":911,"minecraft:leave_game":2,"minecraft:time_since_death":6815,"minecraft:climb_one_cm":5896,"minecraft:sprint_one_cm":311310,"minecraft:walk_one_cm":267520,"minecraft:damage_blocked_by_shield":2170,"minecraft:drop":105,"minecraft:play_time":150062,"minecraft:deaths":29,"minecraft:sneak_time":5286,"minecraft:walk_under_water_one_cm":19619,"minecraft:jump":2821,"minecraft:walk_on_water_one_cm":19184,"minecraft:total_world_time":150062,"minecraft:interact_with_furnace":11,"minecraft:interact_with_cartography_table":1,"minecraft:sleep_in_bed":3,"minecraft:time_since_rest":6843,"minecraft:damage_taken":9601,"minecraft:damage_dealt":17631,"minecraft:swim_one_cm":71767,"minecraft:fly_one_cm":498852,"minecraft:open_chest":17,"minecraft:crouch_one_cm":13527,"minecraft:fall_one_cm":103351},"minecraft:used":{"born_in_chaos_v1:intoxicating_decoction":1,"minecraft:shield":60,"minecraft:iron_sword":7,"born_in_chaos_v1:black_argillite":6,"vinery:jungle_grapes_red":1,"minecraft:rotten_flesh":10,"minecraft:iron_chestplate":1,"minecraft:torch":5,"minecraft:dirt":1,"minecraft:carrot":6,"minecraft:tuff":1,"minecraft:granite":1,"minecraft:obsidian":5,"born_in_chaos_v1:corpse_maggot":5,"born_in_chaos_v1:smoked_flesh":3,"minecraft:iron_axe":129,"minecraft:golden_carrot":1,"minecraft:furnace":1,"minecraft:cooked_beef":1,"minecraft:cobbled_deepslate":30,"minecraft:diorite":7,"minecraft:stone_pickaxe":27,"minecraft:oak_planks":1,"minecraft:diamond_axe":8,"minecraft:wooden_pickaxe":28,"gnumus:overripe_carrot":3,"biomesoplenty:lavender":6,"minecraft:crafting_table":10,"minecraft:magenta_bed":4,"minecraft:dripstone_block":3,"minecraft:diamond_pickaxe":14,"minecraft:apple":10,"born_in_chaos_v1:monster_flesh":1,"gnumus:gnumus_chickpeas":3,"minecraft:bread":11,"minecraft:melon_slice":7,"minecraft:iron_pickaxe":162,"minecraft:soul_lantern":2,"minecraft:stone_axe":113,"alexscaves:cycad":3,"minecraft:diamond_sword":114,"minecraft:cobblestone":9,"minecraft:andesite":24,"alexsmobs:animal_dictionary":3},"minecraft:picked_up":{"minecraft:coarse_dirt":6,"minecraft:crafting_table":10,"born_in_chaos_v1:diamond_termite_shard":6,"minecraft:chicken":3,"gnumus:gnumus_claw":6,"gravestone:obituary":12,"born_in_chaos_v1:black_argillite":6,"minecraft:cornflower":1,"minecraft:string":8,"born_in_chaos_v1:intoxicating_decoction":2,"biomesoplenty:black_sand":1,"minecraft:cobbled_deepslate":41,"minecraft:beef":3,"biomesoplenty:wildflower":1,"minecraft:iron_pickaxe":1,"minecraft:melon_slice":46,"minecraft:sugar_cane":2,"minecraft:furnace":2,"minecraft:stick":1,"minecraft:raw_iron":11,"born_in_chaos_v1:shattered_skull":2,"alexscaves:cycad":3,"minecraft:torch":1,"alexscaves:fern_thatch":1,"minecraft:cherry_log":1,"minecraft:diorite":7,"minecraft:carrot":1,"born_in_chaos_v1:pieceofdarkmetal":4,"minecraft:redstone":10,"gnumus:gnumus_clay_brick_slap":1,"gnumus:vintage_metal":1,"minecraft:rotten_flesh":52,"gnumus:gnumus_chickpeas":15,"born_in_chaos_v1:spiny_shell":2,"gnumus:mouse_skin":20,"minecraft:glow_berries":3,"minecraft:mutton":3,"minecraft:cod":1,"alexsmobs:kangaroo_meat":2,"minecraft:cobblestone":97,"biomesoplenty:lavender":16,"born_in_chaos_v1:corpse_maggot":9,"gnumus:gnumus_doubloons":14,"minecraft:cooked_beef":2,"minecraft:golden_carrot":1,"minecraft:glow_ink_sac":2,"minecraft:andesite":32,"gnumus:overripe_carrot":5,"minecraft:leather":6,"gnumus:gnumus_pouch":7,"minecraft:tuff":1,"minecraft:oak_log":19,"minecraft:magenta_bed":5,"minecraft:lapis_lazuli":36,"minecraft:dirt":10,"gnumus:gnumus_pouch_2":4,"minecraft:bone":23,"minecraft:apple":2,"gnumus:gnumus_horn":1,"minecraft:wheat_seeds":10,"minecraft:raw_gold":4,"born_in_chaos_v1:smoked_flesh":3,"artifacts:whoopee_cushion":2,"minecraft:iron_ingot":10,"minecraft:iron_sword":1,"minecraft:oak_planks":1,"minecraft:sweet_berries":2,"minecraft:stone_brick_slab":2,"born_in_chaos_v1:ethereal_spirit":2,"minecraft:dripstone_block":6,"minecraft:spruce_log":2,"minecraft:crying_obsidian":1,"minecraft:spider_eye":3,"vinery:jungle_grapes_red":1,"minecraft:diamond":10,"minecraft:stone_axe":3,"gnumus:gnumus_clay":32,"minecraft:soul_lantern":2,"minecraft:bone_meal":1,"minecraft:bread":3,"born_in_chaos_v1:rotten_fish":2,"minecraft:oak_sapling":3,"minecraft:coal":6},"minecraft:mined":{"minecraft:tuff":1,"minecraft:deepslate_diamond_ore":8,"biomesoplenty:desert_grass":4,"farmersdelight:wild_carrots":1,"alexsmobs:leafcutter_anthill":1,"gravestone:gravestone":28,"minecraft:grass_block":6,"alexscaves:pewen_branch":1,"born_in_chaos_v1:black_argillite":6,"alexsmobs:leafcutter_ant_chamber":4,"minecraft:spawner":1,"minecraft:furnace":2,"minecraft:cobbled_deepslate":2,"minecraft:fire":1,"biomesoplenty:lavender":11,"minecraft:andesite":32,"treechop:chopped_log":2,"minecraft:vine":1,"minecraft:deepslate_iron_ore":4,"biomesoplenty:webbing":13,"gnumus:fragile_gnumus_jug":8,"biomesoplenty:spider_egg":2,"minecraft:stone":80,"alexscaves:fern_thatch":1,"minecraft:deepslate_redstone_ore":2,"biomesoplenty:wildflower":1,"biomesoplenty:black_sand":1,"minecraft:soul_lantern":2,"minecraft:cornflower":1,"minecraft:crafting_table":8,"born_in_chaos_v1:infected_deepslate_diamond_ore":6,"minecraft:torch":1,"minecraft:melon":9,"minecraft:tall_grass":5,"minecraft:cobblestone":1,"biomesoplenty:sprout":1,"minecraft:deepslate_gold_ore":4,"minecraft:lapis_ore":2,"minecraft:oak_planks":1,"beachparty:dry_bush":1,"minecraft:diorite":10,"minecraft:coarse_dirt":1,"minecraft:magenta_bed":5,"minecraft:grass":52,"minecraft:oak_log":3,"alexscaves:cycad":1,"gnumus:gnumus_clay_brick_slap":1,"minecraft:dirt":2,"biomesoplenty:stringy_cobweb":6,"minecraft:oak_leaves":13,"minecraft:deepslate":29,"minecraft:fern":5},"minecraft:broken":{"minecraft:shield":1},"minecraft:crafted":{"minecraft:oak_planks":52,"minecraft:iron_boots":1,"minecraft:leather":12,"minecraft:iron_axe":1,"minecraft:stone_pickaxe":1,"minecraft:chest":2,"minecraft:diamond_sword":1,"sophisticatedbackpacks:backpack":2,"minecraft:diamond_axe":1,"minecraft:crafting_table":4,"minecraft:wooden_pickaxe":2,"minecraft:bucket":1,"minecraft:stone_axe":3,"minecraft:bread":3,"minecraft:air":0,"minecraft:iron_chestplate":1,"minecraft:charcoal":1,"minecraft:diamond_pickaxe":1,"minecraft:shield":2,"minecraft:stick":16,"minecraft:iron_ingot":16,"minecraft:iron_pickaxe":2,"minecraft:torch":4},"minecraft:dropped":{"minecraft:iron_ingot":1,"born_in_chaos_v1:intoxicating_decoction":1,"minecraft:iron_sword":1,"born_in_chaos_v1:shattered_skull":1,"minecraft:wheat_seeds":7,"minecraft:oak_log":1,"minecraft:glass_bottle":1,"minecraft:crafting_table":4,"gnumus:gnumus_clay_brick_slap":1,"minecraft:dripstone_block":3,"biomesoplenty:lavender":10,"minecraft:cobblestone":9,"minecraft:stick":1,"born_in_chaos_v1:monster_flesh":2,"minecraft:dirt":3,"minecraft:cornflower":1,"gravestone:obituary":43,"minecraft:iron_axe":1,"minecraft:string":4,"minecraft:stone_brick_slab":2,"minecraft:redstone":10,"minecraft:stone_axe":3,"minecraft:coarse_dirt":6,"minecraft:cobbled_deepslate":8,"alexsmobs:animal_dictionary":1,"minecraft:raw_iron":1,"minecraft:raw_copper":6,"minecraft:rotten_flesh":30,"sophisticatedbackpacks:backpack":1,"gnumus:gnumus_doubloons":3,"minecraft:andesite":8,"born_in_chaos_v1:corpse_maggot":2,"gnumus:gnumus_chickpeas":3,"minecraft:oak_sapling":3,"minecraft:spider_eye":3,"minecraft:wooden_pickaxe":3,"minecraft:stone_pickaxe":2,"minecraft:crying_obsidian":1}},"DataVersion":3465}