{"stats":{"minecraft:killed":{"born_in_chaos_v1:zombie_clown":1,"minecraft:cave_spider":2,"born_in_chaos_v1:bonescaller":1,"born_in_chaos_v1:diamond_termite":6,"born_in_chaos_v1:zombie_lumberjack":1,"born_in_chaos_v1:baby_skeleton":1,"minecraft:spider":1,"minecraft:creeper":1,"born_in_chaos_v1:baby_skeleton_minion":6,"born_in_chaos_v1:decrepit_skeleton":2,"minecraft:zombie":9,"minecraft:chicken":1,"born_in_chaos_v1:corpse_fly":1,"gnumus:gnumus_hunter":3,"artifacts:mimic":1},"minecraft:killed_by":{"born_in_chaos_v1:bonescaller":4,"born_in_chaos_v1:baby_skeleton_minion":2,"minecraft:player":1,"born_in_chaos_v1:diamond_termite":3,"minecraft:cave_spider":1,"minecraft:skeleton":2,"born_in_chaos_v1:skeleton_thrasher":1,"artifacts:mimic":2,"born_in_chaos_v1:dark_vortex":1,"born_in_chaos_v1:baby_skeleton":1,"born_in_chaos_v1:corpse_fly":1,"born_in_chaos_v1:dread_hound":1},"minecraft:custom":{"minecraft:interact_with_furnace":11,"minecraft:mob_kills":41,"minecraft:interact_with_crafting_table":8,"minecraft:interact_with_cartography_table":1,"minecraft:open_barrel":4,"minecraft:damage_dealt_resisted":204,"minecraft:leave_game":2,"minecraft:time_since_death":619,"minecraft:sleep_in_bed":2,"minecraft:climb_one_cm":231,"minecraft:time_since_rest":648,"minecraft:sprint_one_cm":131110,"minecraft:damage_taken":6838,"minecraft:walk_one_cm":125574,"minecraft:damage_blocked_by_shield":2125,"minecraft:drop":46,"minecraft:damage_dealt":8282,"minecraft:swim_one_cm":12838,"minecraft:fly_one_cm":225623,"minecraft:crouch_one_cm":4327,"minecraft:play_time":78062,"minecraft:deaths":24,"minecraft:sneak_time":1446,"minecraft:walk_under_water_one_cm":9137,"minecraft:jump":1269,"minecraft:walk_on_water_one_cm":9346,"minecraft:total_world_time":78062,"minecraft:fall_one_cm":58093},"minecraft:used":{"minecraft:stone_pickaxe":27,"minecraft:oak_planks":1,"born_in_chaos_v1:intoxicating_decoction":1,"minecraft:shield":59,"gnumus:overripe_carrot":3,"minecraft:wooden_pickaxe":3,"minecraft:rotten_flesh":7,"minecraft:iron_chestplate":1,"minecraft:torch":5,"minecraft:crafting_table":5,"minecraft:magenta_bed":3,"minecraft:dripstone_block":3,"minecraft:tuff":1,"minecraft:granite":1,"born_in_chaos_v1:corpse_maggot":1,"minecraft:diamond_pickaxe":9,"minecraft:apple":2,"minecraft:iron_axe":23,"minecraft:iron_pickaxe":35,"minecraft:soul_lantern":2,"minecraft:stone_axe":109,"minecraft:cobblestone":1,"minecraft:furnace":1,"alexsmobs:animal_dictionary":3,"minecraft:cobbled_deepslate":30},"minecraft:picked_up":{"born_in_chaos_v1:corpse_maggot":1,"born_in_chaos_v1:diamond_termite_shard":6,"minecraft:crafting_table":5,"gnumus:gnumus_doubloons":2,"minecraft:glow_ink_sac":2,"gnumus:overripe_carrot":3,"gnumus:gnumus_claw":1,"gnumus:gnumus_pouch":2,"minecraft:tuff":1,"gravestone:obituary":11,"minecraft:oak_log":11,"minecraft:magenta_bed":4,"minecraft:string":4,"gnumus:gnumus_pouch_2":1,"born_in_chaos_v1:intoxicating_decoction":2,"minecraft:bone":4,"minecraft:apple":2,"minecraft:cobbled_deepslate":39,"minecraft:raw_gold":4,"minecraft:iron_ingot":4,"artifacts:whoopee_cushion":1,"minecraft:oak_planks":1,"minecraft:furnace":2,"minecraft:raw_iron":10,"born_in_chaos_v1:shattered_skull":1,"minecraft:torch":1,"minecraft:dripstone_block":3,"minecraft:spruce_log":2,"minecraft:redstone":10,"minecraft:spider_eye":1,"minecraft:rotten_flesh":28,"minecraft:diamond":3,"gnumus:gnumus_clay":5,"minecraft:soul_lantern":2,"minecraft:oak_sapling":2,"minecraft:cobblestone":4},"minecraft:mined":{"minecraft:deepslate_redstone_ore":2,"minecraft:tuff":1,"minecraft:deepslate_diamond_ore":3,"minecraft:soul_lantern":2,"minecraft:crafting_table":5,"born_in_chaos_v1:infected_deepslate_diamond_ore":6,"minecraft:torch":1,"gravestone:gravestone":22,"minecraft:cobblestone":1,"minecraft:deepslate_gold_ore":4,"minecraft:oak_planks":1,"minecraft:furnace":2,"minecraft:fire":1,"minecraft:cobbled_deepslate":2,"minecraft:magenta_bed":4,"treechop:chopped_log":1,"minecraft:oak_log":3,"minecraft:deepslate_iron_ore":4,"biomesoplenty:webbing":3,"biomesoplenty:stringy_cobweb":5,"biomesoplenty:spider_egg":2,"minecraft:deepslate":27},"minecraft:broken":{"minecraft:shield":1},"minecraft:crafted":{"minecraft:oak_planks":24,"minecraft:crafting_table":2,"minecraft:wooden_pickaxe":1,"minecraft:stone_axe":2,"minecraft:air":0,"minecraft:iron_chestplate":1,"minecraft:diamond_pickaxe":1,"minecraft:charcoal":1,"minecraft:shield":1,"minecraft:iron_axe":1,"minecraft:stick":12,"minecraft:iron_ingot":16,"minecraft:iron_pickaxe":1,"minecraft:stone_pickaxe":1,"minecraft:torch":4},"minecraft:dropped":{"minecraft:iron_ingot":1,"minecraft:rotten_flesh":3,"gravestone:obituary":37,"minecraft:spider_eye":1,"minecraft:stone_pickaxe":2,"minecraft:wooden_pickaxe":2}},"DataVersion":3465}