{"stats":{"minecraft:killed":{"born_in_chaos_v1:zombie_clown":1,"alexsmobs:hummingbird":1,"minecraft:cave_spider":2,"born_in_chaos_v1:zombie_lumberjack":1,"minecraft:spider":2,"born_in_chaos_v1:baby_skeleton_minion":6,"born_in_chaos_v1:maggot":3,"alexsmobs:leafcutter_ant":4,"minecraft:chicken":1,"gnumus:gnumus_hunter":4,"artifacts:mimic":1,"born_in_chaos_v1:bonescaller":1,"born_in_chaos_v1:diamond_termite":6,"born_in_chaos_v1:baby_skeleton":1,"minecraft:creeper":1,"born_in_chaos_v1:decrepit_skeleton":2,"minecraft:zombie":9,"born_in_chaos_v1:corpse_fly":4,"minecraft:cow":2},"minecraft:killed_by":{"minecraft:player":1,"born_in_chaos_v1:baby_skeleton_minion":2,"born_in_chaos_v1:skeleton_thrasher":1,"born_in_chaos_v1:swarmer":1,"born_in_chaos_v1:dark_vortex":1,"born_in_chaos_v1:baby_skeleton":1,"born_in_chaos_v1:corpse_fly":1,"born_in_chaos_v1:bonescaller":4,"born_in_chaos_v1:diamond_termite":3,"minecraft:cave_spider":2,"minecraft:skeleton":2,"artifacts:mimic":2,"born_in_chaos_v1:dread_hound":1},"minecraft:custom":{"minecraft:mob_kills":56,"minecraft:interact_with_crafting_table":9,"minecraft:open_barrel":4,"minecraft:damage_dealt_resisted":204,"minecraft:leave_game":2,"minecraft:time_since_death":1636,"minecraft:climb_one_cm":263,"minecraft:sprint_one_cm":189948,"minecraft:walk_one_cm":169673,"minecraft:damage_blocked_by_shield":2125,"minecraft:drop":66,"minecraft:play_time":102062,"minecraft:deaths":26,"minecraft:sneak_time":4802,"minecraft:walk_under_water_one_cm":14917,"minecraft:jump":1787,"minecraft:walk_on_water_one_cm":16535,"minecraft:total_world_time":102062,"minecraft:interact_with_furnace":11,"minecraft:interact_with_cartography_table":1,"minecraft:sleep_in_bed":3,"minecraft:time_since_rest":1661,"minecraft:damage_taken":7874,"minecraft:damage_dealt":10896,"minecraft:swim_one_cm":33182,"minecraft:fly_one_cm":330736,"minecraft:crouch_one_cm":12505,"minecraft:fall_one_cm":72691},"minecraft:used":{"born_in_chaos_v1:intoxicating_decoction":1,"minecraft:shield":59,"born_in_chaos_v1:black_argillite":6,"vinery:jungle_grapes_red":1,"minecraft:rotten_flesh":10,"minecraft:iron_chestplate":1,"minecraft:torch":5,"minecraft:tuff":1,"minecraft:granite":1,"born_in_chaos_v1:corpse_maggot":3,"born_in_chaos_v1:smoked_flesh":3,"minecraft:iron_axe":82,"minecraft:golden_carrot":1,"minecraft:furnace":1,"minecraft:cobbled_deepslate":30,"minecraft:diorite":7,"minecraft:stone_pickaxe":27,"minecraft:oak_planks":1,"minecraft:wooden_pickaxe":28,"gnumus:overripe_carrot":3,"biomesoplenty:lavender":6,"minecraft:crafting_table":6,"minecraft:magenta_bed":4,"minecraft:dripstone_block":3,"minecraft:diamond_pickaxe":13,"minecraft:apple":2,"minecraft:bread":3,"minecraft:melon_slice":2,"minecraft:iron_pickaxe":162,"minecraft:soul_lantern":2,"minecraft:stone_axe":113,"minecraft:cobblestone":6,"minecraft:andesite":24,"alexsmobs:animal_dictionary":3},"minecraft:picked_up":{"minecraft:coarse_dirt":6,"minecraft:crafting_table":6,"born_in_chaos_v1:diamond_termite_shard":6,"gnumus:gnumus_claw":1,"gravestone:obituary":12,"born_in_chaos_v1:black_argillite":6,"minecraft:cornflower":1,"minecraft:string":4,"born_in_chaos_v1:intoxicating_decoction":2,"minecraft:cobbled_deepslate":41,"minecraft:beef":3,"minecraft:iron_pickaxe":1,"minecraft:melon_slice":46,"minecraft:furnace":2,"minecraft:stick":1,"minecraft:raw_iron":10,"born_in_chaos_v1:shattered_skull":1,"minecraft:torch":1,"minecraft:diorite":7,"minecraft:redstone":10,"gnumus:gnumus_clay_brick_slap":1,"minecraft:rotten_flesh":33,"minecraft:cobblestone":97,"biomesoplenty:lavender":16,"born_in_chaos_v1:corpse_maggot":3,"gnumus:gnumus_doubloons":2,"minecraft:cooked_beef":2,"minecraft:golden_carrot":1,"minecraft:glow_ink_sac":2,"minecraft:andesite":32,"gnumus:overripe_carrot":3,"gnumus:gnumus_pouch":2,"minecraft:tuff":1,"minecraft:oak_log":17,"minecraft:magenta_bed":5,"minecraft:lapis_lazuli":36,"minecraft:dirt":4,"gnumus:gnumus_pouch_2":1,"minecraft:bone":4,"minecraft:apple":2,"minecraft:wheat_seeds":4,"minecraft:raw_gold":4,"born_in_chaos_v1:smoked_flesh":3,"artifacts:whoopee_cushion":2,"minecraft:iron_ingot":4,"minecraft:oak_planks":1,"minecraft:dripstone_block":3,"minecraft:spruce_log":2,"minecraft:spider_eye":2,"vinery:jungle_grapes_red":1,"minecraft:diamond":10,"minecraft:stone_axe":3,"gnumus:gnumus_clay":5,"minecraft:soul_lantern":2,"minecraft:bread":3,"minecraft:oak_sapling":3},"minecraft:mined":{"minecraft:tuff":1,"minecraft:deepslate_diamond_ore":8,"alexsmobs:leafcutter_anthill":1,"gravestone:gravestone":25,"minecraft:grass_block":1,"born_in_chaos_v1:black_argillite":6,"alexsmobs:leafcutter_ant_chamber":4,"minecraft:furnace":2,"minecraft:cobbled_deepslate":2,"minecraft:fire":1,"biomesoplenty:lavender":11,"minecraft:andesite":32,"treechop:chopped_log":2,"minecraft:vine":1,"minecraft:deepslate_iron_ore":4,"biomesoplenty:webbing":13,"biomesoplenty:spider_egg":2,"minecraft:stone":80,"minecraft:deepslate_redstone_ore":2,"minecraft:soul_lantern":2,"minecraft:cornflower":1,"minecraft:crafting_table":6,"born_in_chaos_v1:infected_deepslate_diamond_ore":6,"minecraft:torch":1,"minecraft:melon":9,"minecraft:tall_grass":1,"minecraft:cobblestone":1,"minecraft:deepslate_gold_ore":4,"minecraft:lapis_ore":2,"minecraft:oak_planks":1,"beachparty:dry_bush":1,"minecraft:diorite":10,"minecraft:coarse_dirt":1,"minecraft:magenta_bed":5,"minecraft:grass":26,"minecraft:oak_log":3,"gnumus:gnumus_clay_brick_slap":1,"minecraft:dirt":1,"biomesoplenty:stringy_cobweb":6,"minecraft:deepslate":29,"minecraft:fern":3},"minecraft:broken":{"minecraft:shield":1},"minecraft:crafted":{"minecraft:oak_planks":48,"minecraft:iron_axe":1,"minecraft:stone_pickaxe":1,"minecraft:crafting_table":3,"minecraft:wooden_pickaxe":2,"minecraft:stone_axe":3,"minecraft:air":0,"minecraft:iron_chestplate":1,"minecraft:charcoal":1,"minecraft:diamond_pickaxe":1,"minecraft:shield":1,"minecraft:stick":16,"minecraft:iron_ingot":16,"minecraft:iron_pickaxe":1,"minecraft:torch":4},"minecraft:dropped":{"minecraft:iron_ingot":1,"minecraft:wheat_seeds":5,"minecraft:glass_bottle":1,"gnumus:gnumus_clay_brick_slap":1,"biomesoplenty:lavender":10,"minecraft:stick":1,"minecraft:cornflower":1,"gravestone:obituary":40,"minecraft:string":4,"minecraft:redstone":10,"minecraft:stone_axe":2,"minecraft:coarse_dirt":6,"minecraft:raw_copper":6,"minecraft:rotten_flesh":16,"minecraft:andesite":8,"minecraft:oak_sapling":3,"minecraft:spider_eye":2,"minecraft:wooden_pickaxe":3,"minecraft:stone_pickaxe":2}},"DataVersion":3465}