{"stats":{"minecraft:killed":{"born_in_chaos_v1:zombie_clown":1,"alexsmobs:hummingbird":1,"minecraft:cave_spider":2,"born_in_chaos_v1:zombie_lumberjack":1,"minecraft:spider":5,"born_in_chaos_v1:thornshell_crab":1,"born_in_chaos_v1:zombie_bruiser":1,"born_in_chaos_v1:baby_skeleton_minion":6,"born_in_chaos_v1:maggot":4,"alexsmobs:leafcutter_ant":4,"minecraft:chicken":1,"gnumus:pitcher_mousse":1,"gnumus:gnumus_hunter":4,"born_in_chaos_v1:skeleton_thrasher":1,"born_in_chaos_v1:firelight_not_despawn":1,"artifacts:mimic":1,"born_in_chaos_v1:bonescaller":1,"born_in_chaos_v1:swarmer":1,"born_in_chaos_v1:diamond_termite":6,"born_in_chaos_v1:baby_skeleton":1,"minecraft:creeper":1,"born_in_chaos_v1:decrepit_skeleton":4,"minecraft:zombie":9,"born_in_chaos_v1:corpse_fly":8,"minecraft:cow":2},"minecraft:killed_by":{"minecraft:player":1,"born_in_chaos_v1:baby_skeleton_minion":2,"born_in_chaos_v1:skeleton_thrasher":1,"born_in_chaos_v1:swarmer":1,"born_in_chaos_v1:dark_vortex":1,"born_in_chaos_v1:baby_skeleton":1,"born_in_chaos_v1:corpse_fly":1,"born_in_chaos_v1:bonescaller":4,"born_in_chaos_v1:diamond_termite":3,"minecraft:cave_spider":2,"minecraft:skeleton":2,"artifacts:mimic":2,"minecraft:zombie":1,"born_in_chaos_v1:dread_hound":1},"minecraft:custom":{"minecraft:mob_kills":72,"minecraft:interact_with_crafting_table":17,"minecraft:open_barrel":20,"minecraft:damage_dealt_resisted":706,"minecraft:leave_game":2,"minecraft:time_since_death":34550,"minecraft:climb_one_cm":5896,"minecraft:sprint_one_cm":279673,"minecraft:walk_one_cm":237426,"minecraft:damage_blocked_by_shield":2125,"minecraft:drop":99,"minecraft:play_time":138062,"minecraft:deaths":27,"minecraft:sneak_time":4997,"minecraft:walk_under_water_one_cm":16611,"minecraft:jump":2515,"minecraft:walk_on_water_one_cm":17863,"minecraft:total_world_time":138062,"minecraft:interact_with_furnace":11,"minecraft:interact_with_cartography_table":1,"minecraft:sleep_in_bed":3,"minecraft:time_since_rest":34574,"minecraft:damage_taken":8554,"minecraft:damage_dealt":14294,"minecraft:swim_one_cm":63790,"minecraft:fly_one_cm":452208,"minecraft:open_chest":17,"minecraft:crouch_one_cm":12866,"minecraft:fall_one_cm":88279},"minecraft:used":{"born_in_chaos_v1:intoxicating_decoction":1,"minecraft:shield":59,"minecraft:iron_sword":7,"born_in_chaos_v1:black_argillite":6,"vinery:jungle_grapes_red":1,"minecraft:rotten_flesh":10,"minecraft:iron_chestplate":1,"minecraft:torch":5,"minecraft:carrot":2,"minecraft:tuff":1,"minecraft:granite":1,"minecraft:obsidian":5,"born_in_chaos_v1:corpse_maggot":5,"born_in_chaos_v1:smoked_flesh":3,"minecraft:iron_axe":129,"minecraft:golden_carrot":1,"minecraft:furnace":1,"minecraft:cobbled_deepslate":30,"minecraft:diorite":7,"minecraft:stone_pickaxe":27,"minecraft:oak_planks":1,"minecraft:diamond_axe":4,"minecraft:wooden_pickaxe":28,"gnumus:overripe_carrot":3,"biomesoplenty:lavender":6,"minecraft:crafting_table":9,"minecraft:magenta_bed":4,"minecraft:dripstone_block":3,"minecraft:diamond_pickaxe":14,"minecraft:apple":3,"born_in_chaos_v1:monster_flesh":1,"gnumus:gnumus_chickpeas":3,"minecraft:bread":11,"minecraft:melon_slice":7,"minecraft:iron_pickaxe":162,"minecraft:soul_lantern":2,"minecraft:stone_axe":113,"minecraft:diamond_sword":53,"minecraft:cobblestone":9,"minecraft:andesite":24,"alexsmobs:animal_dictionary":3},"minecraft:picked_up":{"minecraft:coarse_dirt":6,"minecraft:crafting_table":9,"born_in_chaos_v1:diamond_termite_shard":6,"minecraft:chicken":3,"gnumus:gnumus_claw":6,"gravestone:obituary":12,"born_in_chaos_v1:black_argillite":6,"minecraft:cornflower":1,"minecraft:string":8,"born_in_chaos_v1:intoxicating_decoction":2,"biomesoplenty:black_sand":1,"minecraft:cobbled_deepslate":41,"minecraft:beef":3,"minecraft:iron_pickaxe":1,"minecraft:melon_slice":46,"minecraft:sugar_cane":2,"minecraft:furnace":2,"minecraft:stick":1,"minecraft:raw_iron":11,"born_in_chaos_v1:shattered_skull":2,"minecraft:torch":1,"minecraft:diorite":7,"born_in_chaos_v1:pieceofdarkmetal":3,"minecraft:redstone":10,"gnumus:gnumus_clay_brick_slap":1,"minecraft:rotten_flesh":41,"gnumus:gnumus_chickpeas":15,"born_in_chaos_v1:spiny_shell":2,"gnumus:mouse_skin":20,"minecraft:glow_berries":3,"minecraft:cod":1,"minecraft:cobblestone":97,"biomesoplenty:lavender":16,"born_in_chaos_v1:corpse_maggot":6,"gnumus:gnumus_doubloons":14,"minecraft:cooked_beef":2,"minecraft:golden_carrot":1,"minecraft:glow_ink_sac":2,"minecraft:andesite":32,"gnumus:overripe_carrot":5,"minecraft:leather":4,"gnumus:gnumus_pouch":7,"minecraft:tuff":1,"minecraft:oak_log":19,"minecraft:magenta_bed":5,"minecraft:lapis_lazuli":36,"minecraft:dirt":6,"gnumus:gnumus_pouch_2":3,"minecraft:bone":17,"minecraft:apple":2,"minecraft:wheat_seeds":8,"minecraft:raw_gold":4,"born_in_chaos_v1:smoked_flesh":3,"artifacts:whoopee_cushion":2,"minecraft:iron_ingot":7,"minecraft:iron_sword":1,"minecraft:oak_planks":1,"minecraft:sweet_berries":2,"minecraft:stone_brick_slab":2,"minecraft:dripstone_block":6,"minecraft:spruce_log":2,"minecraft:crying_obsidian":1,"minecraft:spider_eye":3,"vinery:jungle_grapes_red":1,"minecraft:diamond":10,"minecraft:stone_axe":3,"gnumus:gnumus_clay":26,"minecraft:soul_lantern":2,"minecraft:bread":3,"minecraft:oak_sapling":3,"minecraft:coal":6},"minecraft:mined":{"minecraft:tuff":1,"minecraft:deepslate_diamond_ore":8,"alexsmobs:leafcutter_anthill":1,"gravestone:gravestone":26,"minecraft:grass_block":3,"born_in_chaos_v1:black_argillite":6,"alexsmobs:leafcutter_ant_chamber":4,"minecraft:spawner":1,"minecraft:furnace":2,"minecraft:cobbled_deepslate":2,"minecraft:fire":1,"biomesoplenty:lavender":11,"minecraft:andesite":32,"treechop:chopped_log":2,"minecraft:vine":1,"minecraft:deepslate_iron_ore":4,"biomesoplenty:webbing":13,"gnumus:fragile_gnumus_jug":8,"biomesoplenty:spider_egg":2,"minecraft:stone":80,"minecraft:deepslate_redstone_ore":2,"biomesoplenty:black_sand":1,"minecraft:soul_lantern":2,"minecraft:cornflower":1,"minecraft:crafting_table":7,"born_in_chaos_v1:infected_deepslate_diamond_ore":6,"minecraft:torch":1,"minecraft:melon":9,"minecraft:tall_grass":5,"minecraft:cobblestone":1,"biomesoplenty:sprout":1,"minecraft:deepslate_gold_ore":4,"minecraft:lapis_ore":2,"minecraft:oak_planks":1,"beachparty:dry_bush":1,"minecraft:diorite":10,"minecraft:coarse_dirt":1,"minecraft:magenta_bed":5,"minecraft:grass":37,"minecraft:oak_log":3,"gnumus:gnumus_clay_brick_slap":1,"minecraft:dirt":1,"biomesoplenty:stringy_cobweb":6,"minecraft:oak_leaves":13,"minecraft:deepslate":29,"minecraft:fern":5},"minecraft:broken":{"minecraft:shield":1},"minecraft:crafted":{"minecraft:oak_planks":52,"minecraft:leather":12,"minecraft:iron_axe":1,"minecraft:stone_pickaxe":1,"minecraft:chest":2,"minecraft:diamond_sword":1,"sophisticatedbackpacks:backpack":2,"minecraft:diamond_axe":1,"minecraft:crafting_table":4,"minecraft:wooden_pickaxe":2,"minecraft:stone_axe":3,"minecraft:bread":3,"minecraft:air":0,"minecraft:iron_chestplate":1,"minecraft:charcoal":1,"minecraft:diamond_pickaxe":1,"minecraft:shield":2,"minecraft:stick":16,"minecraft:iron_ingot":16,"minecraft:iron_pickaxe":2,"minecraft:torch":4},"minecraft:dropped":{"minecraft:iron_ingot":1,"born_in_chaos_v1:intoxicating_decoction":1,"minecraft:iron_sword":1,"born_in_chaos_v1:shattered_skull":1,"minecraft:wheat_seeds":5,"minecraft:oak_log":1,"minecraft:glass_bottle":1,"minecraft:crafting_table":4,"gnumus:gnumus_clay_brick_slap":1,"minecraft:dripstone_block":3,"biomesoplenty:lavender":10,"minecraft:cobblestone":9,"minecraft:stick":1,"born_in_chaos_v1:monster_flesh":2,"minecraft:dirt":3,"minecraft:cornflower":1,"gravestone:obituary":41,"minecraft:iron_axe":1,"minecraft:string":4,"minecraft:stone_brick_slab":2,"minecraft:redstone":10,"minecraft:stone_axe":3,"minecraft:coarse_dirt":6,"minecraft:cobbled_deepslate":8,"alexsmobs:animal_dictionary":1,"minecraft:raw_iron":1,"minecraft:raw_copper":6,"minecraft:rotten_flesh":29,"sophisticatedbackpacks:backpack":1,"gnumus:gnumus_doubloons":3,"minecraft:andesite":8,"born_in_chaos_v1:corpse_maggot":1,"gnumus:gnumus_chickpeas":3,"minecraft:oak_sapling":3,"minecraft:spider_eye":3,"minecraft:wooden_pickaxe":3,"minecraft:stone_pickaxe":2,"minecraft:crying_obsidian":1}},"DataVersion":3465}