{"stats":{"minecraft:killed":{"born_in_chaos_v1:zombie_clown":1,"born_in_chaos_v1:zombie_lumberjack":1,"born_in_chaos_v1:baby_skeleton":1,"minecraft:spider":1,"born_in_chaos_v1:decrepit_skeleton":1,"minecraft:zombie":4,"gnumus:gnumus_hunter":3,"artifacts:mimic":1},"minecraft:killed_by":{"born_in_chaos_v1:baby_skeleton_minion":1,"minecraft:player":1,"minecraft:cave_spider":1,"artifacts:mimic":2,"born_in_chaos_v1:baby_skeleton":1},"minecraft:custom":{"minecraft:interact_with_furnace":2,"minecraft:mob_kills":14,"minecraft:interact_with_crafting_table":3,"minecraft:interact_with_cartography_table":1,"minecraft:open_barrel":2,"minecraft:leave_game":2,"minecraft:time_since_death":9172,"minecraft:sleep_in_bed":1,"minecraft:time_since_rest":9204,"minecraft:sprint_one_cm":59411,"minecraft:damage_taken":2849,"minecraft:walk_one_cm":51521,"minecraft:damage_blocked_by_shield":1180,"minecraft:drop":13,"minecraft:damage_dealt":3506,"minecraft:fly_one_cm":81666,"minecraft:crouch_one_cm":815,"minecraft:play_time":28447,"minecraft:deaths":9,"minecraft:sneak_time":477,"minecraft:jump":477,"minecraft:walk_on_water_one_cm":103,"minecraft:total_world_time":28447,"minecraft:fall_one_cm":29104},"minecraft:used":{"minecraft:stone_pickaxe":25,"minecraft:shield":28,"gnumus:overripe_carrot":3,"minecraft:wooden_pickaxe":1,"minecraft:torch":5,"minecraft:crafting_table":1,"minecraft:tuff":1,"minecraft:apple":2,"minecraft:stone_axe":41,"minecraft:cobblestone":1,"alexsmobs:animal_dictionary":2},"minecraft:picked_up":{"minecraft:crafting_table":1,"minecraft:glow_ink_sac":2,"gnumus:overripe_carrot":3,"gnumus:gnumus_claw":1,"gnumus:gnumus_pouch":1,"minecraft:tuff":1,"gravestone:obituary":5,"minecraft:oak_log":6,"minecraft:string":1,"gnumus:gnumus_pouch_2":1,"born_in_chaos_v1:intoxicating_decoction":2,"minecraft:bone":1,"minecraft:apple":2,"minecraft:cobbled_deepslate":13,"minecraft:iron_ingot":3,"artifacts:whoopee_cushion":1,"minecraft:raw_iron":1,"born_in_chaos_v1:shattered_skull":1,"minecraft:torch":1,"minecraft:dripstone_block":3,"minecraft:spruce_log":2,"minecraft:spider_eye":1,"minecraft:rotten_flesh":16,"gnumus:gnumus_clay":5,"minecraft:oak_sapling":2,"minecraft:cobblestone":4},"minecraft:mined":{"minecraft:tuff":1,"minecraft:crafting_table":1,"minecraft:torch":1,"gravestone:gravestone":6,"minecraft:cobblestone":1,"treechop:chopped_log":1,"minecraft:oak_log":3,"minecraft:deepslate_iron_ore":1,"biomesoplenty:stringy_cobweb":1,"biomesoplenty:spider_egg":1,"minecraft:deepslate":13},"minecraft:crafted":{"minecraft:oak_planks":24,"minecraft:crafting_table":1,"minecraft:wooden_pickaxe":1,"minecraft:stone_axe":1,"minecraft:air":0,"minecraft:charcoal":1,"minecraft:shield":1,"minecraft:stick":8,"minecraft:stone_pickaxe":1,"minecraft:torch":4},"minecraft:dropped":{"minecraft:iron_ingot":1,"minecraft:rotten_flesh":2,"gravestone:obituary":10}},"DataVersion":3465}