{"stats":{"minecraft:killed":{"born_in_chaos_v1:zombie_clown":1,"alexsmobs:hummingbird":1,"minecraft:cave_spider":2,"born_in_chaos_v1:zombie_lumberjack":1,"minecraft:spider":4,"born_in_chaos_v1:thornshell_crab":1,"born_in_chaos_v1:zombie_bruiser":1,"born_in_chaos_v1:baby_skeleton_minion":6,"born_in_chaos_v1:maggot":4,"alexsmobs:leafcutter_ant":4,"minecraft:chicken":1,"gnumus:gnumus_hunter":4,"artifacts:mimic":1,"born_in_chaos_v1:bonescaller":1,"born_in_chaos_v1:swarmer":1,"born_in_chaos_v1:diamond_termite":6,"born_in_chaos_v1:baby_skeleton":1,"minecraft:creeper":1,"born_in_chaos_v1:decrepit_skeleton":2,"minecraft:zombie":9,"born_in_chaos_v1:corpse_fly":8,"minecraft:cow":2},"minecraft:killed_by":{"minecraft:player":1,"born_in_chaos_v1:baby_skeleton_minion":2,"born_in_chaos_v1:skeleton_thrasher":1,"born_in_chaos_v1:swarmer":1,"born_in_chaos_v1:dark_vortex":1,"born_in_chaos_v1:baby_skeleton":1,"born_in_chaos_v1:corpse_fly":1,"born_in_chaos_v1:bonescaller":4,"born_in_chaos_v1:diamond_termite":3,"minecraft:cave_spider":2,"minecraft:skeleton":2,"artifacts:mimic":2,"minecraft:zombie":1,"born_in_chaos_v1:dread_hound":1},"minecraft:custom":{"minecraft:mob_kills":66,"minecraft:interact_with_crafting_table":10,"minecraft:open_barrel":10,"minecraft:damage_dealt_resisted":253,"minecraft:leave_game":2,"minecraft:time_since_death":10550,"minecraft:climb_one_cm":263,"minecraft:sprint_one_cm":211788,"minecraft:walk_one_cm":198461,"minecraft:damage_blocked_by_shield":2125,"minecraft:drop":78,"minecraft:play_time":114062,"minecraft:deaths":27,"minecraft:sneak_time":4851,"minecraft:walk_under_water_one_cm":14981,"minecraft:jump":1990,"minecraft:walk_on_water_one_cm":16678,"minecraft:total_world_time":114062,"minecraft:interact_with_furnace":11,"minecraft:interact_with_cartography_table":1,"minecraft:sleep_in_bed":3,"minecraft:time_since_rest":10574,"minecraft:damage_taken":8255,"minecraft:damage_dealt":13123,"minecraft:swim_one_cm":38985,"minecraft:fly_one_cm":366005,"minecraft:open_chest":5,"minecraft:crouch_one_cm":12563,"minecraft:fall_one_cm":78953},"minecraft:used":{"born_in_chaos_v1:intoxicating_decoction":1,"minecraft:shield":59,"minecraft:iron_sword":7,"born_in_chaos_v1:black_argillite":6,"vinery:jungle_grapes_red":1,"minecraft:rotten_flesh":10,"minecraft:iron_chestplate":1,"minecraft:torch":5,"minecraft:tuff":1,"minecraft:granite":1,"born_in_chaos_v1:corpse_maggot":5,"born_in_chaos_v1:smoked_flesh":3,"minecraft:iron_axe":129,"minecraft:golden_carrot":1,"minecraft:furnace":1,"minecraft:cobbled_deepslate":30,"minecraft:diorite":7,"minecraft:stone_pickaxe":27,"minecraft:oak_planks":1,"minecraft:diamond_axe":2,"minecraft:wooden_pickaxe":28,"gnumus:overripe_carrot":3,"biomesoplenty:lavender":6,"minecraft:crafting_table":7,"minecraft:magenta_bed":4,"minecraft:dripstone_block":3,"minecraft:diamond_pickaxe":13,"minecraft:apple":2,"minecraft:bread":5,"minecraft:melon_slice":7,"minecraft:iron_pickaxe":162,"minecraft:soul_lantern":2,"minecraft:stone_axe":113,"minecraft:diamond_sword":12,"minecraft:cobblestone":8,"minecraft:andesite":24,"alexsmobs:animal_dictionary":3},"minecraft:picked_up":{"minecraft:coarse_dirt":6,"minecraft:crafting_table":6,"born_in_chaos_v1:diamond_termite_shard":6,"gnumus:gnumus_claw":4,"gravestone:obituary":12,"born_in_chaos_v1:black_argillite":6,"minecraft:cornflower":1,"minecraft:string":7,"born_in_chaos_v1:intoxicating_decoction":2,"minecraft:cobbled_deepslate":41,"minecraft:beef":3,"minecraft:iron_pickaxe":1,"minecraft:melon_slice":46,"minecraft:furnace":2,"minecraft:stick":1,"minecraft:raw_iron":11,"born_in_chaos_v1:shattered_skull":1,"minecraft:torch":1,"minecraft:diorite":7,"minecraft:redstone":10,"gnumus:gnumus_clay_brick_slap":1,"minecraft:rotten_flesh":37,"born_in_chaos_v1:spiny_shell":2,"minecraft:cod":1,"minecraft:cobblestone":97,"biomesoplenty:lavender":16,"born_in_chaos_v1:corpse_maggot":6,"gnumus:gnumus_doubloons":4,"minecraft:cooked_beef":2,"minecraft:golden_carrot":1,"minecraft:glow_ink_sac":2,"minecraft:andesite":32,"gnumus:overripe_carrot":3,"gnumus:gnumus_pouch":2,"minecraft:tuff":1,"minecraft:oak_log":18,"minecraft:magenta_bed":5,"minecraft:lapis_lazuli":36,"minecraft:dirt":4,"gnumus:gnumus_pouch_2":3,"minecraft:bone":8,"minecraft:apple":2,"minecraft:wheat_seeds":5,"minecraft:raw_gold":4,"born_in_chaos_v1:smoked_flesh":3,"artifacts:whoopee_cushion":2,"minecraft:iron_ingot":5,"minecraft:iron_sword":1,"minecraft:oak_planks":1,"minecraft:sweet_berries":2,"minecraft:dripstone_block":3,"minecraft:spruce_log":2,"minecraft:spider_eye":3,"vinery:jungle_grapes_red":1,"minecraft:diamond":10,"minecraft:stone_axe":3,"gnumus:gnumus_clay":5,"minecraft:soul_lantern":2,"minecraft:bread":3,"minecraft:oak_sapling":3,"minecraft:coal":3},"minecraft:mined":{"minecraft:tuff":1,"minecraft:deepslate_diamond_ore":8,"alexsmobs:leafcutter_anthill":1,"gravestone:gravestone":26,"minecraft:grass_block":1,"born_in_chaos_v1:black_argillite":6,"alexsmobs:leafcutter_ant_chamber":4,"minecraft:furnace":2,"minecraft:cobbled_deepslate":2,"minecraft:fire":1,"biomesoplenty:lavender":11,"minecraft:andesite":32,"treechop:chopped_log":2,"minecraft:vine":1,"minecraft:deepslate_iron_ore":4,"biomesoplenty:webbing":13,"gnumus:fragile_gnumus_jug":6,"biomesoplenty:spider_egg":2,"minecraft:stone":80,"minecraft:deepslate_redstone_ore":2,"minecraft:soul_lantern":2,"minecraft:cornflower":1,"minecraft:crafting_table":6,"born_in_chaos_v1:infected_deepslate_diamond_ore":6,"minecraft:torch":1,"minecraft:melon":9,"minecraft:tall_grass":5,"minecraft:cobblestone":1,"minecraft:deepslate_gold_ore":4,"minecraft:lapis_ore":2,"minecraft:oak_planks":1,"beachparty:dry_bush":1,"minecraft:diorite":10,"minecraft:coarse_dirt":1,"minecraft:magenta_bed":5,"minecraft:grass":36,"minecraft:oak_log":3,"gnumus:gnumus_clay_brick_slap":1,"minecraft:dirt":1,"biomesoplenty:stringy_cobweb":6,"minecraft:deepslate":29,"minecraft:fern":4},"minecraft:broken":{"minecraft:shield":1},"minecraft:crafted":{"minecraft:oak_planks":48,"minecraft:iron_axe":1,"minecraft:stone_pickaxe":1,"minecraft:diamond_sword":1,"minecraft:diamond_axe":1,"minecraft:crafting_table":3,"minecraft:wooden_pickaxe":2,"minecraft:stone_axe":3,"minecraft:air":0,"minecraft:iron_chestplate":1,"minecraft:charcoal":1,"minecraft:diamond_pickaxe":1,"minecraft:shield":1,"minecraft:stick":16,"minecraft:iron_ingot":16,"minecraft:iron_pickaxe":2,"minecraft:torch":4},"minecraft:dropped":{"minecraft:iron_ingot":1,"born_in_chaos_v1:intoxicating_decoction":1,"minecraft:iron_sword":1,"minecraft:wheat_seeds":5,"minecraft:glass_bottle":1,"gnumus:gnumus_clay_brick_slap":1,"biomesoplenty:lavender":10,"minecraft:cobblestone":9,"minecraft:stick":1,"minecraft:dirt":3,"minecraft:cornflower":1,"gravestone:obituary":41,"minecraft:iron_axe":1,"minecraft:string":4,"minecraft:redstone":10,"minecraft:stone_axe":3,"minecraft:coarse_dirt":6,"minecraft:cobbled_deepslate":8,"alexsmobs:animal_dictionary":1,"minecraft:raw_copper":6,"minecraft:rotten_flesh":25,"minecraft:andesite":8,"born_in_chaos_v1:corpse_maggot":1,"minecraft:oak_sapling":3,"minecraft:spider_eye":3,"minecraft:wooden_pickaxe":3,"minecraft:stone_pickaxe":2}},"DataVersion":3465}