{"stats":{"minecraft:killed":{"born_in_chaos_v1:zombie_lumberjack":1,"gnumus:gnumus_hunter":2},"minecraft:killed_by":{"minecraft:player":1,"minecraft:cave_spider":1},"minecraft:custom":{"minecraft:time_since_rest":2391,"minecraft:sprint_one_cm":20265,"minecraft:damage_taken":1774,"minecraft:walk_one_cm":22286,"minecraft:damage_blocked_by_shield":280,"minecraft:mob_kills":4,"minecraft:drop":7,"minecraft:damage_dealt":987,"minecraft:interact_with_crafting_table":3,"minecraft:fly_one_cm":25800,"minecraft:crouch_one_cm":658,"minecraft:play_time":11730,"minecraft:deaths":5,"minecraft:sneak_time":442,"minecraft:jump":174,"minecraft:walk_on_water_one_cm":103,"minecraft:time_since_death":2366,"minecraft:total_world_time":11730,"minecraft:fall_one_cm":22520},"minecraft:used":{"minecraft:stone_pickaxe":17,"gnumus:overripe_carrot":3,"minecraft:shield":4,"minecraft:wooden_pickaxe":1,"minecraft:stone_axe":5,"minecraft:cobblestone":1,"minecraft:crafting_table":1,"alexsmobs:animal_dictionary":2,"minecraft:tuff":1},"minecraft:picked_up":{"minecraft:raw_iron":1,"minecraft:glow_ink_sac":2,"gnumus:overripe_carrot":3,"gnumus:gnumus_claw":1,"minecraft:dripstone_block":3,"gnumus:gnumus_pouch":1,"minecraft:tuff":1,"minecraft:oak_log":6,"gravestone:obituary":3,"minecraft:spruce_log":2,"minecraft:rotten_flesh":6,"minecraft:apple":2,"gnumus:gnumus_clay":5,"minecraft:cobbled_deepslate":5,"minecraft:iron_ingot":3,"minecraft:oak_sapling":2,"minecraft:cobblestone":4},"minecraft:mined":{"minecraft:tuff":1,"treechop:chopped_log":1,"gravestone:gravestone":2,"minecraft:oak_log":3,"minecraft:deepslate_iron_ore":1,"biomesoplenty:stringy_cobweb":1,"minecraft:cobblestone":1,"biomesoplenty:spider_egg":1,"minecraft:deepslate":5},"minecraft:crafted":{"minecraft:oak_planks":24,"minecraft:shield":1,"minecraft:crafting_table":1,"minecraft:stick":8,"minecraft:wooden_pickaxe":1,"minecraft:stone_pickaxe":1,"minecraft:stone_axe":1},"minecraft:dropped":{"minecraft:iron_ingot":1,"minecraft:rotten_flesh":2,"gravestone:obituary":4}},"DataVersion":3465}