{"stats":{"minecraft:killed_by":{"minecraft:cave_spider":1,"minecraft:skeleton":2,"minecraft:zombie":1},"minecraft:custom":{"minecraft:interact_with_furnace":8,"minecraft:mob_kills":36,"minecraft:interact_with_crafting_table":7,"minecraft:leave_game":3,"minecraft:time_since_death":58302,"minecraft:climb_one_cm":888,"minecraft:time_since_rest":58335,"minecraft:sprint_one_cm":178471,"minecraft:damage_taken":2095,"minecraft:walk_one_cm":85289,"minecraft:drop":6,"minecraft:damage_dealt":6162,"minecraft:swim_one_cm":5540,"minecraft:talked_to_villager":1,"minecraft:fly_one_cm":593644,"minecraft:open_chest":9,"minecraft:crouch_one_cm":5732,"minecraft:play_time":81455,"minecraft:deaths":4,"minecraft:sneak_time":2954,"minecraft:walk_under_water_one_cm":1077,"minecraft:jump":1225,"minecraft:walk_on_water_one_cm":2563,"minecraft:total_world_time":81455,"minecraft:fall_one_cm":21761},"minecraft:broken":{"minecraft:stone_axe":1},"minecraft:dropped":{"born_in_chaos_v1:intoxicating_decoction":1,"alexsmobs:maggot":2,"born_in_chaos_v1:gnawed_bones":2,"gnumus:gnumus_pouch_2":1},"minecraft:crafted":{"minecraft:oak_planks":124,"gnumus:grilled_juicy_meat":3,"minecraft:crafting_table":1,"minecraft:wooden_pickaxe":1,"minecraft:furnace":1,"minecraft:stone_axe":1,"minecraft:air":0,"minecraft:stick":8,"minecraft:stone_pickaxe":1,"minecraft:torch":20},"minecraft:mined":{"biomesoplenty:hanging_cobweb_strand":1,"minecraft:crafting_table":2,"gravestone:gravestone":4,"minecraft:grass_block":6,"minecraft:tall_grass":4,"biomesoplenty:sprout":8,"minecraft:furnace":2,"treechop:chopped_log":7,"minecraft:grass":13,"minecraft:oak_log":3,"minecraft:coal_ore":25,"biomesoplenty:webbing":4,"minecraft:dirt":6,"biomesoplenty:stringy_cobweb":6,"biomesoplenty:spider_egg":4,"minecraft:stone":14,"minecraft:oak_leaves":4,"minecraft:fern":5},"minecraft:picked_up":{"minecraft:wheat":1,"minecraft:crafting_table":2,"minecraft:feather":4,"minecraft:chicken":3,"born_in_chaos_v1:monster_flesh":1,"minecraft:leather":2,"gnumus:gnumus_claw":2,"minecraft:oak_log":32,"minecraft:dirt":12,"minecraft:string":6,"gnumus:gnumus_pouch_2":1,"born_in_chaos_v1:intoxicating_decoction":1,"minecraft:bone":4,"minecraft:apple":1,"minecraft:wheat_seeds":3,"born_in_chaos_v1:gnawed_bones":3,"minecraft:furnace":2,"minecraft:stick":12,"minecraft:sweet_berries":2,"gnumus:juicy_meat":3,"minecraft:torch":1,"gnumus:gnumus_cheese":1,"minecraft:dark_oak_log":2,"minecraft:spider_eye":1,"minecraft:rotten_flesh":12,"minecraft:peony":1,"gnumus:gnumus_chickpeas":5,"minecraft:bone_meal":2,"gnumus:mouse_skin":8,"alexsmobs:maggot":2,"born_in_chaos_v1:rotten_fish":5,"minecraft:oak_sapling":12,"minecraft:black_wool":1,"minecraft:mutton":3,"minecraft:cod":6,"minecraft:coal":33,"minecraft:white_wool":1,"minecraft:cobblestone":14},"minecraft:used":{"alexsmobs:spawn_egg_raccoon":9,"minecraft:stone_pickaxe":74,"minecraft:oak_planks":5,"born_in_chaos_v1:intoxicating_decoction":1,"minecraft:wooden_pickaxe":8,"born_in_chaos_v1:infected_diamond_ore":1,"minecraft:torch":18,"minecraft:dirt":1,"minecraft:crafting_table":2,"capybaramod:capybara_spawn_egg":6,"bakery:braided_bread":4,"minecraft:oak_log":2,"bakery:bread_knife":43,"minecraft:apple":1,"minecraft:grass_block":10,"born_in_chaos_v1:gnawed_bones":16,"minecraft:stone_bricks":2,"minecraft:stone_axe":96,"born_in_chaos_v1:rotten_fish":2,"minecraft:furnace":2,"born_in_chaos_v1:pumpkin_bomb_spawn_egg":11,"alexsmobs:animal_dictionary":13,"born_in_chaos_v1:zombie_clown_not_despawn_spawn_egg":1,"gnumus:grilled_juicy_meat":3},"minecraft:killed":{"capybaramod:capybara":2,"minecraft:cave_spider":5,"born_in_chaos_v1:zombie_lumberjack":1,"born_in_chaos_v1:baby_skeleton":1,"born_in_chaos_v1:zombie_clown_not_despawn":1,"gnumus:big_snout":1,"born_in_chaos_v1:decrepit_skeleton":1,"minecraft:zombie":4,"born_in_chaos_v1:dread_hound":4,"alexsmobs:toucan":1,"born_in_chaos_v1:corpse_fly":2,"gnumus:gnumus_hunter":3,"alexsmobs:fly":2,"born_in_chaos_v1:corpse_fish":7,"minecraft:villager":1}},"DataVersion":3465}