{"stats":{"minecraft:killed":{"capybaramod:capybara":2,"minecraft:cave_spider":5,"born_in_chaos_v1:zombie_lumberjack":1,"born_in_chaos_v1:baby_skeleton":1,"born_in_chaos_v1:zombie_clown_not_despawn":1,"minecraft:spider":1,"gnumus:big_snout":1,"minecraft:creeper":1,"born_in_chaos_v1:decrepit_skeleton":1,"minecraft:zombie":4,"born_in_chaos_v1:dread_hound":4,"alexsmobs:toucan":1,"born_in_chaos_v1:corpse_fly":2,"gnumus:gnumus_hunter":3,"alexsmobs:fly":2,"born_in_chaos_v1:corpse_fish":7,"minecraft:villager":1},"minecraft:killed_by":{"minecraft:cave_spider":1,"minecraft:skeleton":4,"minecraft:zombie":3,"born_in_chaos_v1:zombie_lumberjack":1},"minecraft:custom":{"minecraft:interact_with_furnace":9,"minecraft:mob_kills":39,"minecraft:interact_with_crafting_table":7,"minecraft:leave_game":13,"minecraft:time_since_death":177011,"minecraft:climb_one_cm":945,"minecraft:time_since_rest":177039,"minecraft:sprint_one_cm":339564,"minecraft:damage_taken":4723,"minecraft:walk_one_cm":132878,"minecraft:drop":8,"minecraft:damage_dealt":7058,"minecraft:swim_one_cm":12148,"minecraft:talked_to_villager":1,"minecraft:fly_one_cm":861040,"minecraft:open_chest":9,"minecraft:crouch_one_cm":7750,"minecraft:play_time":316073,"minecraft:deaths":13,"minecraft:sneak_time":4045,"minecraft:walk_under_water_one_cm":2358,"minecraft:jump":1848,"minecraft:walk_on_water_one_cm":4841,"minecraft:total_world_time":316073,"minecraft:fall_one_cm":44400},"minecraft:picked_up":{"minecraft:crafting_table":2,"minecraft:wheat":1,"minecraft:feather":4,"minecraft:chicken":3,"born_in_chaos_v1:monster_flesh":1,"minecraft:leather":2,"gnumus:gnumus_claw":2,"minecraft:oak_log":37,"minecraft:gunpowder":2,"minecraft:dirt":20,"minecraft:string":8,"gnumus:gnumus_pouch_2":1,"born_in_chaos_v1:intoxicating_decoction":1,"minecraft:item_frame":2,"minecraft:bone":4,"minecraft:apple":1,"minecraft:wheat_seeds":3,"minecraft:rose_bush":1,"born_in_chaos_v1:gnawed_bones":3,"minecraft:furnace":2,"minecraft:scaffolding":2,"minecraft:stick":13,"minecraft:sweet_berries":2,"gnumus:juicy_meat":3,"minecraft:torch":1,"gnumus:gnumus_cheese":1,"minecraft:dark_oak_log":2,"minecraft:spider_eye":1,"minecraft:rotten_flesh":12,"minecraft:peony":1,"minecraft:bone_meal":2,"gnumus:gnumus_chickpeas":5,"alexsmobs:maggot":2,"born_in_chaos_v1:rotten_fish":5,"minecraft:oak_sapling":12,"gnumus:mouse_skin":8,"minecraft:black_wool":1,"minecraft:mutton":3,"minecraft:cod":6,"minecraft:coal":36,"minecraft:white_wool":1,"minecraft:cobblestone":14},"minecraft:used":{"alexsmobs:spawn_egg_raccoon":9,"moa_decor_toys:creeper":1,"minecraft:stone_pickaxe":74,"minecraft:oak_planks":7,"farmersdelight:cabbage_seeds":1,"minecraft:oak_sign":2,"born_in_chaos_v1:intoxicating_decoction":1,"moa_decor_holidays:calabaza_pillager":1,"moa_decor_toys:enderman":2,"minecraft:wooden_pickaxe":8,"vanillaplustools:netherite_hammer":23,"moa_decor_bath:inodoro":1,"born_in_chaos_v1:infected_diamond_ore":1,"minecraft:torch":19,"bakery:sandwich":1,"minecraft:dirt":1,"minecraft:crafting_table":2,"capybaramod:capybara_spawn_egg":18,"moa_decor_holidays:calabaza_zomvie_l":1,"farmersdelight:wild_onions":1,"moa_decor_holidays:calabaza_pillager_l":1,"bakery:chocolate_cake":1,"moa_decor_toys:calamar":1,"farmersdelight:white_hanging_canvas_sign":1,"bakery:braided_bread":4,"farmersdelight:roast_chicken":1,"moa_decor_toys:golemdehierro":1,"bakery:bread":1,"minecraft:oak_log":2,"bakery:bread_knife":57,"minecraft:apple":1,"minecraft:grass_block":10,"cozy_home:table_spruce_single":4,"moa_decor_toys:esqueleto":1,"moa_decor_toys:aleanozombie":1,"born_in_chaos_v1:gnawed_bones":16,"minecraft:polished_andesite_slab":3,"minecraft:stone_bricks":3,"minecraft:stone_axe":96,"moa_decor_toys:invocador":1,"beachparty:radio":2,"born_in_chaos_v1:rotten_fish":2,"minecraft:furnace":2,"moa_decor_toys:panda":1,"born_in_chaos_v1:pumpkin_bomb_spawn_egg":11,"torchmaster:megatorch":9,"alexsmobs:animal_dictionary":13,"born_in_chaos_v1:zombie_clown_not_despawn_spawn_egg":1,"gnumus:grilled_juicy_meat":3,"bakery:sweetberry_cake":2},"minecraft:mined":{"biomesoplenty:hanging_cobweb_strand":1,"minecraft:crafting_table":2,"gravestone:gravestone":5,"minecraft:granite":3,"minecraft:grass_block":7,"minecraft:rose_bush":3,"minecraft:tall_grass":7,"minecraft:copper_ore":6,"biomesoplenty:sprout":8,"minecraft:lapis_ore":5,"minecraft:diorite":10,"minecraft:furnace":2,"minecraft:andesite":2,"treechop:chopped_log":8,"minecraft:grass":22,"minecraft:oak_log":6,"minecraft:coal_ore":29,"biomesoplenty:webbing":4,"minecraft:dirt":6,"biomesoplenty:stringy_cobweb":6,"biomesoplenty:spider_egg":4,"minecraft:stone":175,"minecraft:oak_leaves":13,"minecraft:fern":5},"minecraft:broken":{"minecraft:stone_axe":1},"minecraft:crafted":{"minecraft:oak_planks":136,"gnumus:grilled_juicy_meat":3,"minecraft:crafting_table":1,"minecraft:wooden_pickaxe":1,"minecraft:furnace":1,"minecraft:stone_axe":1,"minecraft:air":0,"minecraft:stick":8,"minecraft:stone_pickaxe":1,"minecraft:torch":20},"minecraft:dropped":{"born_in_chaos_v1:intoxicating_decoction":1,"alexsmobs:maggot":2,"born_in_chaos_v1:gnawed_bones":2,"gnumus:gnumus_pouch_2":1,"gravestone:obituary":2}},"DataVersion":3465}