{"stats":{"minecraft:killed":{"capybaramod:capybara":2,"minecraft:cave_spider":5,"born_in_chaos_v1:zombie_lumberjack":1,"born_in_chaos_v1:zombie_clown_not_despawn":1,"minecraft:spider":1,"gnumus:gnumus_hunter":3,"born_in_chaos_v1:corpse_fish":7,"born_in_chaos_v1:baby_skeleton":1,"gnumus:big_snout":1,"minecraft:creeper":2,"born_in_chaos_v1:decrepit_skeleton":2,"minecraft:zombie":4,"born_in_chaos_v1:dread_hound":4,"alexsmobs:toucan":1,"born_in_chaos_v1:corpse_fly":2,"alexsmobs:fly":2,"minecraft:villager":1},"minecraft:killed_by":{"born_in_chaos_v1:zombie_lumberjack":1,"minecraft:cave_spider":2,"minecraft:skeleton":4,"minecraft:zombie":3},"minecraft:custom":{"minecraft:mob_kills":41,"minecraft:interact_with_crafting_table":11,"minecraft:leave_game":14,"minecraft:time_since_death":421,"minecraft:climb_one_cm":1765,"minecraft:sprint_one_cm":464694,"minecraft:walk_one_cm":172477,"minecraft:drop":15,"minecraft:talked_to_villager":1,"minecraft:play_time":464229,"minecraft:deaths":16,"minecraft:sneak_time":5447,"minecraft:walk_under_water_one_cm":3951,"minecraft:jump":2486,"minecraft:walk_on_water_one_cm":6008,"minecraft:total_world_time":464229,"minecraft:interact_with_furnace":9,"minecraft:sleep_in_bed":2,"minecraft:time_since_rest":448,"minecraft:damage_taken":5082,"minecraft:damage_dealt":7865,"minecraft:swim_one_cm":13307,"minecraft:fly_one_cm":1300076,"minecraft:player_kills":1,"minecraft:open_chest":9,"minecraft:crouch_one_cm":12406,"minecraft:fall_one_cm":49677},"minecraft:used":{"moa_decor_toys:zombieahogado":1,"farmersdelight:cabbage_seeds":1,"minecraft:oak_sign":2,"born_in_chaos_v1:intoxicating_decoction":1,"moa_decor_toys:enderman":2,"moa_decor_toys:wither":1,"minecraft:rotten_flesh":2,"moa_decor_bath:inodoro":1,"minecraft:torch":19,"minecraft:dirt":1,"capybaramod:capybara_spawn_egg":18,"moa_decor_toys:gatosiames":2,"farmersdelight:wild_onions":1,"biomesoplenty:origin_grass_block":3,"moa_decor_toys:calamar":1,"farmersdelight:white_hanging_canvas_sign":1,"farmersdelight:roast_chicken":1,"minecraft:grass_block":35,"cozy_home:table_spruce_single":4,"born_in_chaos_v1:gnawed_bones":16,"minecraft:stone_bricks":4,"moa_decor_toys:invocador":1,"minecraft:furnace":2,"born_in_chaos_v1:pumpkin_bomb_spawn_egg":11,"torchmaster:megatorch":9,"gnumus:grilled_juicy_meat":3,"bakery:sweetberry_cake":2,"alexsmobs:spawn_egg_raccoon":9,"moa_decor_toys:cubodemagma":2,"moa_decor_toys:creeper":1,"minecraft:stone_pickaxe":98,"minecraft:oak_planks":7,"moa_decor_holidays:calabaza_pillager":1,"minecraft:wooden_pickaxe":13,"vanillaplustools:netherite_hammer":23,"born_in_chaos_v1:infected_diamond_ore":1,"bakery:sandwich":1,"minecraft:crafting_table":3,"moa_decor_holidays:calabaza_zomvie_l":1,"moa_decor_holidays:calabaza_pillager_l":1,"bakery:chocolate_cake":1,"bakery:braided_bread":4,"bakery:bread":1,"moa_decor_toys:golemdehierro":1,"minecraft:oak_log":2,"bakery:bread_knife":57,"minecraft:apple":1,"moa_decor_toys:lepisma":2,"moa_decor_toys:esqueleto":3,"moa_decor_toys:aleanozombie":1,"minecraft:polished_andesite_slab":3,"minecraft:stone_axe":103,"beachparty:radio":2,"minecraft:cobblestone":2,"born_in_chaos_v1:rotten_fish":2,"moa_decor_toys:panda":1,"alexsmobs:animal_dictionary":13,"born_in_chaos_v1:zombie_clown_not_despawn_spawn_egg":1},"minecraft:picked_up":{"minecraft:crafting_table":3,"minecraft:wheat":1,"minecraft:chicken":3,"gnumus:gnumus_claw":2,"gravestone:obituary":3,"minecraft:string":8,"minecraft:raw_copper":5,"minecraft:item_frame":2,"born_in_chaos_v1:intoxicating_decoction":1,"minecraft:oak_sign":2,"minecraft:rose_bush":1,"born_in_chaos_v1:gnawed_bones":3,"minecraft:furnace":2,"minecraft:stick":13,"minecraft:raw_iron":12,"gnumus:juicy_meat":3,"minecraft:torch":1,"minecraft:rotten_flesh":15,"minecraft:peony":1,"gnumus:gnumus_chickpeas":5,"gnumus:mouse_skin":8,"minecraft:mutton":3,"minecraft:cod":6,"minecraft:white_wool":1,"minecraft:cobblestone":30,"minecraft:feather":4,"born_in_chaos_v1:monster_flesh":1,"minecraft:glow_ink_sac":3,"minecraft:leather":2,"minecraft:oak_log":40,"minecraft:gunpowder":2,"minecraft:dirt":20,"gnumus:gnumus_pouch_2":1,"minecraft:bone":5,"minecraft:apple":1,"minecraft:wheat_seeds":4,"minecraft:scaffolding":2,"minecraft:sweet_berries":2,"gnumus:gnumus_cheese":1,"minecraft:dark_oak_log":2,"minecraft:spider_eye":1,"minecraft:bone_meal":2,"alexsmobs:maggot":2,"minecraft:oak_sapling":12,"born_in_chaos_v1:rotten_fish":5,"minecraft:black_wool":1,"minecraft:coal":36},"minecraft:mined":{"minecraft:granite":3,"gravestone:gravestone":8,"minecraft:grass_block":7,"minecraft:furnace":2,"minecraft:iron_ore":12,"minecraft:andesite":2,"treechop:chopped_log":9,"biomesoplenty:webbing":13,"biomesoplenty:spider_egg":4,"minecraft:stone":191,"biomesoplenty:hanging_cobweb_strand":1,"minecraft:crafting_table":3,"minecraft:rose_bush":3,"minecraft:copper_ore":7,"minecraft:tall_grass":7,"biomesoplenty:sprout":8,"minecraft:lapis_ore":5,"minecraft:diorite":10,"minecraft:grass":22,"minecraft:coal_ore":29,"minecraft:oak_log":8,"minecraft:dirt":6,"biomesoplenty:stringy_cobweb":6,"minecraft:oak_leaves":13,"minecraft:fern":5},"minecraft:broken":{"minecraft:stone_axe":1},"minecraft:crafted":{"minecraft:oak_planks":148,"gnumus:grilled_juicy_meat":3,"minecraft:furnace":2,"minecraft:stone_pickaxe":2,"minecraft:crafting_table":2,"minecraft:wooden_pickaxe":2,"minecraft:stone_axe":2,"minecraft:air":0,"minecraft:stick":16,"minecraft:torch":20},"minecraft:dropped":{"minecraft:iron_ingot":1,"born_in_chaos_v1:intoxicating_decoction":1,"born_in_chaos_v1:gnawed_bones":2,"gravestone:obituary":5,"alexsmobs:maggot":2,"minecraft:rotten_flesh":2,"gnumus:gnumus_pouch_2":1,"minecraft:spruce_log":1}},"DataVersion":3465}