{"stats":{"minecraft:mined":{"minecraft:white_bed":6,"alexscaves:limestone":6,"minecraft:granite":3,"minecraft:grass_block":23,"minecraft:spawner":9,"biomesoplenty:tall_lavender":1,"minecraft:iron_ore":23,"minecraft:fire":2,"born_in_chaos_v1:black_argillite_brick_stairs":1,"biomesoplenty:lavender":3,"minecraft:moss_carpet":2,"biomesoplenty:webbing":28,"alexscaves:ambersol":1,"minecraft:azalea":1,"alexscaves:amber":9,"biomesoplenty:wildflower":2,"biomesoplenty:hanging_cobweb_strand":1,"alexscaves:dinosaur_chop":1,"minecraft:torch":2,"minecraft:oak_planks":3,"born_in_chaos_v1:river_mint":1,"minecraft:grass":63,"minecraft:oak_log":9,"minecraft:dirt":14,"born_in_chaos_v1:infernal_evil_pumpkin_s":1,"minecraft:oak_leaves":17,"minecraft:deepslate":8,"minecraft:crying_obsidian":1,"minecraft:deepslate_diamond_ore":8,"biomesoplenty:desert_grass":1,"minecraft:dark_oak_log":1,"gravestone:gravestone":25,"biomesoplenty:bush":2,"alexscaves:pewen_log":1,"alexsmobs:leafcutter_ant_chamber":2,"minecraft:moss_block":29,"minecraft:large_fern":2,"gnumus:scion_weed":2,"minecraft:furnace":8,"minecraft:packed_mud":2,"minecraft:andesite":7,"treechop:chopped_log":11,"minecraft:peony":1,"minecraft:deepslate_iron_ore":3,"minecraft:lantern":1,"alexscaves:curly_fern":1,"gnumus:fragile_gnumus_jug":10,"biomesoplenty:spider_egg":6,"minecraft:stone":216,"sophisticatedbackpacks:backpack":1,"biomesoplenty:redwood_planks":7,"minecraft:stone_brick_slab":2,"minecraft:crafting_table":7,"minecraft:rose_bush":3,"minecraft:tall_grass":8,"minecraft:copper_ore":7,"biomesoplenty:sprout":10,"minecraft:lapis_ore":5,"minecraft:diorite":10,"minecraft:coarse_dirt":6,"minecraft:birch_leaves":2,"minecraft:coal_ore":65,"gnumus:gnumus_clay_brick_slap":1,"biomesoplenty:stringy_cobweb":6,"minecraft:cobweb":1,"biomesoplenty:redwood_wood":3,"minecraft:fern":9},"minecraft:dropped":{"minecraft:iron_sword":1,"minecraft:moss_block":1,"minecraft:cooked_beef":2,"minecraft:dark_oak_sapling":6,"minecraft:leather":9,"gnumus:mouse_skin":16,"born_in_chaos_v1:monster_flesh":1,"minecraft:dirt":5,"gnumus:gnumus_claw":6,"gravestone:obituary":25,"minecraft:iron_pickaxe":1,"minecraft:dark_oak_planks":19,"minecraft:white_wool":2,"minecraft:stone_axe":1,"minecraft:sugar_cane":4,"minecraft:cobbled_deepslate":7,"biomesoplenty:redwood_sapling":96,"minecraft:wheat":1,"born_in_chaos_v1:ethereal_spirit":1,"minecraft:rotten_flesh":25,"born_in_chaos_v1:smoked_flesh":9,"minecraft:oak_planks":1,"minecraft:carrot":4,"gnumus:gnumus_doubloons":8,"born_in_chaos_v1:corpse_maggot":2,"gnumus:gnumus_horn":2,"gnumus:gnumus_pouch":5,"minecraft:arrow":5,"minecraft:iron_ingot":1,"minecraft:bread":3,"born_in_chaos_v1:intoxicating_decoction":2,"born_in_chaos_v1:shattered_skull":1,"minecraft:wheat_seeds":10,"biomesoplenty:redwood_wood":1,"minecraft:dripstone_block":3,"biomesoplenty:lavender":9,"minecraft:cobblestone":7,"minecraft:feather":4,"alexscaves:limestone_spear":1,"minecraft:stick":19,"born_in_chaos_v1:gnawed_bones":2,"minecraft:torch":6,"minecraft:rabbit":2,"minecraft:cherry_planks":2,"minecraft:string":10,"minecraft:furnace":1,"alexsmobs:maggot":2,"minecraft:moss_carpet":1,"minecraft:sweet_berries":2,"minecraft:raw_copper":2,"minecraft:chicken":2,"biomesoplenty:redwood_planks":3,"sophisticatedbackpacks:backpack":1,"gnumus:gnumus_clay":35,"gnumus:gnumus_pouch_2":1,"born_in_chaos_v1:spiny_shell":2,"minecraft:andesite":10,"gnumus:gnumus_chickpeas":11,"minecraft:oak_sapling":4,"minecraft:spider_eye":2,"minecraft:spruce_log":1,"minecraft:stone_pickaxe":1,"minecraft:wooden_pickaxe":2},"minecraft:custom":{"minecraft:interact_with_crafting_table":32,"minecraft:open_barrel":24,"minecraft:eat_cake_slice":2,"minecraft:leave_game":23,"minecraft:time_since_death":36990,"minecraft:sprint_one_cm":1080147,"minecraft:damage_blocked_by_shield":2085,"minecraft:drop":316,"minecraft:talked_to_villager":1,"minecraft:play_time":736796,"minecraft:deaths":38,"minecraft:jump":7616,"minecraft:walk_on_water_one_cm":38652,"minecraft:interact_with_furnace":35,"minecraft:sleep_in_bed":8,"minecraft:damage_dealt":42282,"minecraft:player_kills":1,"minecraft:crouch_one_cm":33188,"minecraft:mob_kills":183,"minecraft:damage_dealt_resisted":3324,"minecraft:climb_one_cm":7113,"minecraft:walk_one_cm":528095,"minecraft:sneak_time":13600,"minecraft:walk_under_water_one_cm":24448,"minecraft:total_world_time":736796,"minecraft:interact_with_grindstone":1,"minecraft:time_since_rest":37015,"minecraft:damage_taken":15456,"minecraft:swim_one_cm":110195,"minecraft:fly_one_cm":2827504,"minecraft:open_chest":50,"minecraft:fall_one_cm":227642},"minecraft:used":{"minecraft:moss_block":27,"farmersdelight:cabbage_seeds":1,"minecraft:oak_sign":2,"born_in_chaos_v1:intoxicating_decoction":1,"moa_decor_toys:enderman":2,"minecraft:shield":51,"moa_decor_toys:wither":1,"minecraft:rotten_flesh":2,"moa_decor_bath:inodoro":1,"capybaramod:capybara_spawn_egg":18,"minecraft:carrot":34,"moa_decor_toys:gatosiames":2,"farmersdelight:wild_onions":1,"farmersdelight:roast_chicken":1,"born_in_chaos_v1:corpse_maggot":4,"born_in_chaos_v1:smoked_flesh":25,"minecraft:lantern":1,"minecraft:grass_block":35,"cozy_home:table_spruce_single":4,"minecraft:iron_helmet":1,"born_in_chaos_v1:gnawed_bones":16,"minecraft:stone_bricks":4,"moa_decor_toys:invocador":1,"minecraft:furnace":8,"born_in_chaos_v1:pumpkin_bomb_spawn_egg":11,"minecraft:egg":1,"gnumus:grilled_juicy_meat":3,"alexsmobs:spawn_egg_raccoon":9,"moa_decor_toys:creeper":1,"minecraft:stone_pickaxe":171,"minecraft:oak_planks":43,"moa_decor_holidays:calabaza_pillager":1,"minecraft:wooden_pickaxe":23,"iammusicplayer:music_manager":1,"born_in_chaos_v1:infected_diamond_ore":1,"bakery:sandwich":1,"moa_decor_holidays:calabaza_zomvie_l":1,"bakery:bread":1,"bakery:bread_knife":57,"sophisticatedbackpacks:backpack":1,"moa_decor_toys:lepisma":2,"gnumus:gnumus_chickpeas":1,"minecraft:bread":21,"moa_decor_toys:aleanozombie":1,"minecraft:polished_andesite_slab":3,"minecraft:diamond_sword":631,"beachparty:radio":2,"born_in_chaos_v1:rotten_fish":2,"moa_decor_toys:panda":1,"born_in_chaos_v1:zombie_clown_not_despawn_spawn_egg":1,"minecraft:flint_and_steel":1,"moa_decor_toys:zombieahogado":1,"biomesoplenty:redwood_planks":291,"minecraft:cooked_chicken":2,"minecraft:torch":56,"minecraft:dirt":22,"biomesoplenty:origin_grass_block":3,"moa_decor_toys:calamar":1,"farmersdelight:white_hanging_canvas_sign":1,"alexscaves:limestone_spear":3,"biomesoplenty:redwood_wood":26,"minecraft:iron_boots":1,"minecraft:golden_carrot":3,"torchmaster:megatorch":9,"gnumus:gnumus_clay_block":1,"minecraft:cooked_beef":13,"minecraft:cobbled_deepslate":1,"bakery:sweetberry_cake":2,"alexscaves:dinosaur_nugget":10,"minecraft:cooked_mutton":2,"moa_decor_toys:cubodemagma":2,"alexscaves:dinosaur_chop":1,"vanillaplustools:netherite_hammer":23,"minecraft:crafting_table":14,"alexscaves:curly_fern":1,"minecraft:white_bed":5,"moa_decor_holidays:calabaza_pillager_l":1,"gnumus:gnumus_cheese":2,"bakery:chocolate_cake":1,"bakery:braided_bread":4,"moa_decor_toys:golemdehierro":1,"minecraft:oak_log":2,"minecraft:diamond_pickaxe":48,"minecraft:apple":3,"minecraft:iron_pickaxe":24,"moa_decor_toys:esqueleto":3,"minecraft:stone_axe":193,"brewery:beer_mug":2,"minecraft:cobblestone":2,"minecraft:cooked_porkchop":3,"alexsmobs:animal_dictionary":13},"minecraft:killed_by":{"born_in_chaos_v1:nightmare_stalker":1,"minecraft:creeper":1,"born_in_chaos_v1:baby_skeleton":1,"minecraft:drowned":1,"minecraft:cave_spider":2,"minecraft:zombie":3,"alexscaves:tremorsaurus":2,"born_in_chaos_v1:zombie_lumberjack":2,"minecraft:skeleton":9,"born_in_chaos_v1:door_knight":2},"minecraft:broken":{"minecraft:stone_axe":1,"minecraft:shield":1},"minecraft:picked_up":{"minecraft:wheat":1,"gnumus:gnumus_claw":13,"minecraft:lead":1,"born_in_chaos_v1:holiday_candy":24,"minecraft:string":21,"minecraft:raw_copper":8,"minecraft:oak_sign":2,"minecraft:cobbled_deepslate":22,"minecraft:rose_bush":1,"minecraft:azalea":1,"biomesoplenty:redwood_wood":371,"minecraft:furnace":8,"minecraft:stick":43,"born_in_chaos_v1:shattered_skull":2,"minecraft:torch":11,"alexscaves:heavy_bone":3,"minecraft:porkchop":16,"minecraft:cherry_log":1,"born_in_chaos_v1:nightmare_claw":1,"minecraft:rotten_flesh":39,"gnumus:gnumus_chickpeas":27,"minecraft:cod":6,"minecraft:cobblestone":65,"biomesoplenty:lavender":13,"gnumus:gnumus_doubloons":18,"minecraft:feather":9,"minecraft:cherry_planks":1,"minecraft:andesite":10,"gnumus:overripe_carrot":3,"minecraft:brown_wool":1,"minecraft:dirt":47,"minecraft:lantern":1,"gnumus:gnumus_pouch_2":10,"born_in_chaos_v1:monster_skin":1,"minecraft:bone":25,"minecraft:wheat_seeds":22,"minecraft:rabbit":12,"minecraft:moss_block":28,"minecraft:oak_planks":71,"minecraft:dark_oak_log":14,"born_in_chaos_v1:fire_dust":2,"minecraft:diamond":8,"gnumus:gnumus_clay":55,"minecraft:granite":1,"minecraft:bone_meal":2,"minecraft:bread":3,"alexsmobs:maggot":2,"minecraft:oak_sapling":16,"born_in_chaos_v1:rotten_fish":5,"minecraft:crafting_table":7,"minecraft:chicken":8,"minecraft:wooden_pickaxe":1,"gravestone:obituary":11,"minecraft:moss_carpet":1,"born_in_chaos_v1:intoxicating_decoction":2,"minecraft:item_frame":2,"alexscaves:dinosaur_chop":1,"minecraft:beef":26,"born_in_chaos_v1:gnawed_bones":3,"minecraft:sugar_cane":4,"minecraft:egg":1,"minecraft:dark_oak_sapling":6,"minecraft:raw_iron":31,"gnumus:juicy_meat":17,"sophisticatedbackpacks:backpack":3,"born_in_chaos_v1:pieceofdarkmetal":14,"minecraft:carrot":4,"born_in_chaos_v1:charmof_fury":1,"biomesoplenty:redwood_planks":65,"minecraft:arrow":7,"minecraft:peony":1,"minecraft:hay_block":1,"born_in_chaos_v1:spiny_shell":2,"biomesoplenty:redwood_sapling":96,"gnumus:mouse_skin":40,"minecraft:mutton":16,"minecraft:white_wool":4,"born_in_chaos_v1:fused_bone":1,"born_in_chaos_v1:corpse_maggot":6,"alexscaves:pewen_log":1,"minecraft:glow_ink_sac":3,"born_in_chaos_v1:monster_flesh":3,"born_in_chaos_v1:pumpkin_staff":1,"minecraft:leather":9,"gnumus:gnumus_pouch":3,"minecraft:oak_log":56,"minecraft:gunpowder":4,"alexscaves:amber":9,"born_in_chaos_v1:soul_cutlass":1,"minecraft:apple":3,"gnumus:gnumus_horn":4,"born_in_chaos_v1:smoked_flesh":5,"minecraft:iron_ingot":3,"alexscaves:curly_fern":1,"minecraft:scaffolding":2,"minecraft:sweet_berries":4,"born_in_chaos_v1:ethereal_spirit":5,"minecraft:dripstone_block":3,"gnumus:gnumus_cheese":3,"minecraft:white_bed":6,"minecraft:spider_eye":4,"minecraft:black_wool":1,"minecraft:coal":81},"minecraft:crafted":{"minecraft:oak_planks":212,"gnumus:grilled_juicy_meat":3,"minecraft:cooked_chicken":2,"minecraft:cooked_mutton":2,"minecraft:iron_boots":1,"minecraft:cooked_porkchop":3,"minecraft:crafting_table":10,"minecraft:wooden_pickaxe":3,"minecraft:iron_helmet":1,"minecraft:iron_chestplate":1,"minecraft:diamond_pickaxe":1,"minecraft:shield":1,"minecraft:stick":40,"minecraft:iron_ingot":12,"minecraft:iron_pickaxe":1,"minecraft:cherry_planks":4,"minecraft:furnace":4,"minecraft:stone_pickaxe":3,"minecraft:dark_oak_planks":48,"minecraft:cooked_beef":15,"minecraft:diamond_sword":1,"biomesoplenty:redwood_planks":384,"gnumus:gnumus_clay_block":1,"minecraft:stone_axe":3,"minecraft:air":0,"minecraft:bread":5,"minecraft:iron_leggings":1,"minecraft:torch":116},"minecraft:killed":{"born_in_chaos_v1:zombie_clown":1,"minecraft:cave_spider":8,"born_in_chaos_v1:mr_pumpkin":3,"born_in_chaos_v1:restless_spirit":3,"born_in_chaos_v1:zombie_lumberjack":2,"born_in_chaos_v1:sir_the_headless":1,"born_in_chaos_v1:door_knight_not_despawn":2,"born_in_chaos_v1:pumpkin_spirit":1,"minecraft:spider":14,"born_in_chaos_v1:siamese_skeletonsright":1,"minecraft:skeleton":6,"alexsmobs:leafcutter_ant":1,"minecraft:chicken":2,"gnumus:pitcher_mousse":3,"born_in_chaos_v1:firelight_not_despawn":4,"alexsmobs:kangaroo":2,"minecraft:pig":8,"gnumus:big_snout":4,"alexsmobs:seal":1,"minecraft:creeper":6,"gnumus:marsupial_mousse":1,"minecraft:sheep":4,"minecraft:trader_llama":1,"minecraft:zombie":12,"born_in_chaos_v1:dread_hound":7,"alexsmobs:terrapin":1,"alexsmobs:toucan":1,"born_in_chaos_v1:corpse_fly":7,"alexsmobs:fly":2,"born_in_chaos_v1:siamese_skeletonsleft":1,"minecraft:cow":4,"alexscaves:vallumraptor":2,"capybaramod:capybara":2,"born_in_chaos_v1:missioner":1,"born_in_chaos_v1:zombie_clown_not_despawn":1,"born_in_chaos_v1:zombie_bruiser":1,"born_in_chaos_v1:maggot":4,"born_in_chaos_v1:pumpkinhead":1,"gnumus:gnumus_worker":1,"gnumus:gnumus_hunter":7,"alexsmobs:bison":3,"born_in_chaos_v1:corpse_fish":7,"alexscaves:relicheirus":1,"gnumus:gnumus_hunter_not_dispawn":9,"born_in_chaos_v1:felsteed":1,"born_in_chaos_v1:baby_skeleton":2,"minecraft:wandering_trader":1,"alexsmobs:rhinoceros":1,"born_in_chaos_v1:decrepit_skeleton":7,"alexsmobs:elephant":2,"alexscaves:subterranodon":2,"alexsmobs:gazelle":3,"born_in_chaos_v1:nightmare_stalker":1,"alexsmobs:crow":3,"minecraft:villager":3}},"DataVersion":3465}