{"stats":{"minecraft:crafted":{"minecraft:oak_planks":124,"gnumus:grilled_juicy_meat":3,"minecraft:crafting_table":1,"minecraft:stick":8,"minecraft:wooden_pickaxe":1,"minecraft:stone_pickaxe":1,"minecraft:furnace":1,"minecraft:torch":20,"minecraft:stone_axe":1,"minecraft:air":0},"minecraft:mined":{"minecraft:furnace":2,"treechop:chopped_log":7,"biomesoplenty:hanging_cobweb_strand":1,"minecraft:crafting_table":2,"gravestone:gravestone":4,"minecraft:grass":13,"minecraft:grass_block":6,"minecraft:coal_ore":25,"minecraft:oak_log":3,"biomesoplenty:webbing":4,"minecraft:dirt":6,"biomesoplenty:stringy_cobweb":6,"minecraft:tall_grass":4,"biomesoplenty:sprout":8,"minecraft:stone":14,"biomesoplenty:spider_egg":4,"minecraft:oak_leaves":4,"minecraft:fern":5},"minecraft:used":{"minecraft:oak_log":2,"alexsmobs:spawn_egg_raccoon":1,"minecraft:apple":1,"minecraft:stone_pickaxe":65,"minecraft:oak_planks":5,"minecraft:stone_bricks":2,"minecraft:wooden_pickaxe":8,"minecraft:torch":6,"minecraft:dirt":1,"minecraft:stone_axe":96,"born_in_chaos_v1:rotten_fish":2,"minecraft:crafting_table":2,"minecraft:furnace":2,"gnumus:grilled_juicy_meat":3},"minecraft:killed":{"minecraft:cave_spider":5,"minecraft:zombie":4,"born_in_chaos_v1:dread_hound":3,"alexsmobs:toucan":1,"born_in_chaos_v1:corpse_fly":2,"born_in_chaos_v1:baby_skeleton":1,"gnumus:big_snout":1,"alexsmobs:fly":1,"born_in_chaos_v1:corpse_fish":7},"minecraft:broken":{"minecraft:stone_axe":1},"minecraft:killed_by":{"minecraft:cave_spider":1,"minecraft:skeleton":2,"minecraft:zombie":1},"minecraft:picked_up":{"minecraft:stick":12,"minecraft:crafting_table":2,"gnumus:juicy_meat":3,"minecraft:oak_log":31,"minecraft:spider_eye":1,"minecraft:dirt":12,"minecraft:string":6,"minecraft:bone":1,"minecraft:rotten_flesh":5,"minecraft:apple":1,"minecraft:bone_meal":2,"born_in_chaos_v1:gnawed_bones":1,"minecraft:oak_sapling":12,"born_in_chaos_v1:rotten_fish":5,"minecraft:coal":33,"minecraft:cobblestone":14,"minecraft:furnace":2},"minecraft:custom":{"minecraft:time_since_rest":14827,"minecraft:interact_with_furnace":8,"minecraft:sprint_one_cm":141222,"minecraft:damage_taken":2095,"minecraft:walk_one_cm":52629,"minecraft:mob_kills":25,"minecraft:damage_dealt":3515,"minecraft:talked_to_villager":1,"minecraft:open_chest":7,"minecraft:swim_one_cm":5540,"minecraft:interact_with_crafting_table":7,"minecraft:fly_one_cm":389882,"minecraft:play_time":37947,"minecraft:crouch_one_cm":5286,"minecraft:sneak_time":2562,"minecraft:deaths":4,"minecraft:walk_under_water_one_cm":1077,"minecraft:jump":932,"minecraft:leave_game":1,"minecraft:time_since_death":14794,"minecraft:walk_on_water_one_cm":2563,"minecraft:climb_one_cm":888,"minecraft:total_world_time":37947,"minecraft:fall_one_cm":21761}},"DataVersion":3465}