{"stats":{"minecraft:killed":{"capybaramod:capybara":2,"minecraft:cave_spider":8,"born_in_chaos_v1:restless_spirit":1,"born_in_chaos_v1:zombie_lumberjack":2,"born_in_chaos_v1:zombie_clown_not_despawn":1,"minecraft:spider":2,"born_in_chaos_v1:maggot":2,"minecraft:skeleton":1,"minecraft:chicken":2,"gnumus:pitcher_mousse":3,"gnumus:gnumus_hunter":7,"alexsmobs:bison":1,"born_in_chaos_v1:corpse_fish":7,"gnumus:gnumus_hunter_not_dispawn":1,"minecraft:pig":1,"born_in_chaos_v1:baby_skeleton":1,"gnumus:big_snout":1,"minecraft:creeper":2,"gnumus:marsupial_mousse":1,"born_in_chaos_v1:decrepit_skeleton":3,"minecraft:sheep":1,"minecraft:zombie":5,"born_in_chaos_v1:dread_hound":4,"alexsmobs:terrapin":1,"alexsmobs:toucan":1,"born_in_chaos_v1:corpse_fly":2,"alexsmobs:fly":2,"alexsmobs:crow":2,"minecraft:villager":1,"minecraft:cow":4},"minecraft:killed_by":{"born_in_chaos_v1:zombie_lumberjack":2,"born_in_chaos_v1:baby_skeleton":1,"minecraft:cave_spider":2,"minecraft:skeleton":9,"minecraft:zombie":3,"born_in_chaos_v1:door_knight":2},"minecraft:custom":{"minecraft:mob_kills":74,"minecraft:interact_with_crafting_table":25,"minecraft:damage_dealt_resisted":134,"minecraft:leave_game":15,"minecraft:time_since_death":19567,"minecraft:climb_one_cm":1805,"minecraft:sprint_one_cm":724821,"minecraft:walk_one_cm":305424,"minecraft:damage_blocked_by_shield":1485,"minecraft:drop":201,"minecraft:talked_to_villager":1,"minecraft:play_time":547952,"minecraft:sneak_time":8588,"minecraft:deaths":29,"minecraft:walk_under_water_one_cm":13418,"minecraft:jump":4741,"minecraft:walk_on_water_one_cm":17786,"minecraft:total_world_time":547952,"minecraft:interact_with_furnace":35,"minecraft:sleep_in_bed":6,"minecraft:time_since_rest":19594,"minecraft:damage_taken":9191,"minecraft:damage_dealt":12686,"minecraft:player_kills":1,"minecraft:swim_one_cm":46797,"minecraft:fly_one_cm":1833373,"minecraft:open_chest":11,"minecraft:crouch_one_cm":20504,"minecraft:fall_one_cm":150706},"minecraft:used":{"moa_decor_toys:zombieahogado":1,"biomesoplenty:redwood_planks":135,"farmersdelight:cabbage_seeds":1,"minecraft:oak_sign":2,"born_in_chaos_v1:intoxicating_decoction":1,"moa_decor_toys:enderman":2,"minecraft:shield":33,"moa_decor_toys:wither":1,"minecraft:cooked_chicken":1,"minecraft:rotten_flesh":2,"moa_decor_bath:inodoro":1,"minecraft:torch":56,"minecraft:dirt":7,"capybaramod:capybara_spawn_egg":18,"minecraft:carrot":2,"moa_decor_toys:gatosiames":2,"farmersdelight:wild_onions":1,"biomesoplenty:origin_grass_block":3,"moa_decor_toys:calamar":1,"farmersdelight:roast_chicken":1,"farmersdelight:white_hanging_canvas_sign":1,"born_in_chaos_v1:corpse_maggot":1,"minecraft:lantern":1,"minecraft:grass_block":35,"cozy_home:table_spruce_single":4,"born_in_chaos_v1:gnawed_bones":16,"minecraft:stone_bricks":4,"moa_decor_toys:invocador":1,"minecraft:furnace":8,"born_in_chaos_v1:pumpkin_bomb_spawn_egg":11,"torchmaster:megatorch":9,"minecraft:egg":1,"gnumus:gnumus_clay_block":1,"minecraft:cooked_beef":6,"gnumus:grilled_juicy_meat":3,"bakery:sweetberry_cake":2,"minecraft:cooked_mutton":2,"alexsmobs:spawn_egg_raccoon":9,"moa_decor_toys:cubodemagma":2,"moa_decor_toys:creeper":1,"minecraft:stone_pickaxe":171,"minecraft:oak_planks":43,"moa_decor_holidays:calabaza_pillager":1,"minecraft:wooden_pickaxe":23,"vanillaplustools:netherite_hammer":23,"born_in_chaos_v1:infected_diamond_ore":1,"bakery:sandwich":1,"minecraft:crafting_table":9,"minecraft:white_bed":3,"moa_decor_holidays:calabaza_zomvie_l":1,"moa_decor_holidays:calabaza_pillager_l":1,"gnumus:gnumus_cheese":1,"bakery:chocolate_cake":1,"bakery:braided_bread":4,"bakery:bread":1,"moa_decor_toys:golemdehierro":1,"minecraft:oak_log":2,"bakery:bread_knife":57,"minecraft:apple":3,"moa_decor_toys:lepisma":2,"minecraft:iron_pickaxe":24,"moa_decor_toys:esqueleto":3,"moa_decor_toys:aleanozombie":1,"minecraft:polished_andesite_slab":3,"minecraft:stone_axe":193,"minecraft:diamond_sword":83,"beachparty:radio":2,"born_in_chaos_v1:rotten_fish":2,"minecraft:cobblestone":2,"minecraft:cooked_porkchop":2,"moa_decor_toys:panda":1,"alexsmobs:animal_dictionary":13,"born_in_chaos_v1:zombie_clown_not_despawn_spawn_egg":1},"minecraft:picked_up":{"minecraft:crafting_table":6,"minecraft:wheat":1,"minecraft:chicken":5,"gnumus:gnumus_claw":5,"minecraft:wooden_pickaxe":1,"gravestone:obituary":7,"minecraft:string":11,"minecraft:raw_copper":8,"born_in_chaos_v1:intoxicating_decoction":1,"minecraft:item_frame":2,"minecraft:oak_sign":2,"minecraft:cobbled_deepslate":7,"minecraft:beef":15,"minecraft:rose_bush":1,"born_in_chaos_v1:gnawed_bones":3,"biomesoplenty:redwood_wood":371,"minecraft:sugar_cane":4,"minecraft:furnace":8,"minecraft:egg":1,"minecraft:dark_oak_sapling":6,"minecraft:stick":43,"minecraft:raw_iron":26,"gnumus:juicy_meat":3,"minecraft:torch":5,"minecraft:porkchop":3,"minecraft:cherry_log":1,"minecraft:carrot":3,"biomesoplenty:redwood_planks":63,"minecraft:arrow":5,"minecraft:rotten_flesh":20,"minecraft:peony":1,"gnumus:gnumus_chickpeas":5,"biomesoplenty:redwood_sapling":96,"gnumus:mouse_skin":8,"minecraft:mutton":5,"minecraft:cod":6,"minecraft:white_wool":3,"minecraft:cobblestone":57,"biomesoplenty:lavender":9,"born_in_chaos_v1:corpse_maggot":1,"gnumus:gnumus_doubloons":3,"minecraft:feather":8,"minecraft:cherry_planks":1,"born_in_chaos_v1:monster_flesh":1,"minecraft:glow_ink_sac":3,"minecraft:andesite":10,"minecraft:leather":9,"gnumus:gnumus_pouch":2,"minecraft:oak_log":56,"minecraft:gunpowder":2,"minecraft:dirt":30,"minecraft:lantern":1,"gnumus:gnumus_pouch_2":2,"minecraft:bone":15,"minecraft:apple":3,"gnumus:gnumus_horn":2,"minecraft:wheat_seeds":13,"minecraft:oak_planks":71,"minecraft:scaffolding":2,"minecraft:sweet_berries":2,"born_in_chaos_v1:ethereal_spirit":1,"minecraft:dripstone_block":3,"gnumus:gnumus_cheese":3,"minecraft:white_bed":4,"minecraft:dark_oak_log":14,"minecraft:spider_eye":4,"minecraft:diamond":8,"gnumus:gnumus_clay":30,"minecraft:granite":1,"minecraft:bone_meal":2,"alexsmobs:maggot":2,"minecraft:oak_sapling":16,"born_in_chaos_v1:rotten_fish":5,"minecraft:black_wool":1,"minecraft:coal":77},"minecraft:mined":{"minecraft:white_bed":4,"minecraft:deepslate_diamond_ore":8,"minecraft:dark_oak_log":1,"gravestone:gravestone":19,"minecraft:granite":3,"biomesoplenty:bush":2,"minecraft:grass_block":11,"minecraft:moss_block":1,"biomesoplenty:tall_lavender":1,"gnumus:scion_weed":1,"minecraft:furnace":8,"minecraft:iron_ore":21,"biomesoplenty:lavender":3,"minecraft:andesite":7,"minecraft:moss_carpet":1,"treechop:chopped_log":11,"minecraft:peony":1,"minecraft:deepslate_iron_ore":3,"biomesoplenty:webbing":28,"minecraft:lantern":1,"gnumus:fragile_gnumus_jug":7,"minecraft:stone":215,"biomesoplenty:spider_egg":6,"biomesoplenty:redwood_planks":7,"biomesoplenty:hanging_cobweb_strand":1,"minecraft:crafting_table":6,"minecraft:torch":2,"minecraft:rose_bush":3,"minecraft:copper_ore":7,"minecraft:tall_grass":7,"biomesoplenty:sprout":8,"minecraft:lapis_ore":5,"minecraft:oak_planks":3,"minecraft:diorite":10,"born_in_chaos_v1:river_mint":1,"minecraft:grass":28,"minecraft:oak_log":9,"minecraft:coal_ore":61,"minecraft:dirt":10,"biomesoplenty:stringy_cobweb":6,"biomesoplenty:redwood_wood":3,"minecraft:oak_leaves":13,"minecraft:deepslate":8,"minecraft:fern":6},"minecraft:broken":{"minecraft:stone_axe":1},"minecraft:crafted":{"minecraft:cherry_planks":4,"minecraft:oak_planks":212,"gnumus:grilled_juicy_meat":3,"minecraft:cooked_chicken":2,"minecraft:furnace":4,"minecraft:cooked_mutton":2,"minecraft:stone_pickaxe":3,"minecraft:dark_oak_planks":48,"minecraft:cooked_beef":15,"minecraft:diamond_sword":1,"minecraft:cooked_porkchop":3,"minecraft:crafting_table":6,"biomesoplenty:redwood_planks":256,"minecraft:wooden_pickaxe":3,"gnumus:gnumus_clay_block":1,"minecraft:stone_axe":3,"minecraft:air":0,"minecraft:iron_chestplate":1,"minecraft:shield":1,"minecraft:stick":40,"minecraft:iron_ingot":12,"minecraft:iron_pickaxe":1,"minecraft:torch":116},"minecraft:dropped":{"minecraft:iron_ingot":1,"born_in_chaos_v1:intoxicating_decoction":1,"minecraft:wheat_seeds":9,"minecraft:dripstone_block":3,"minecraft:dark_oak_sapling":6,"biomesoplenty:lavender":9,"minecraft:feather":4,"minecraft:leather":7,"minecraft:dirt":4,"born_in_chaos_v1:gnawed_bones":2,"gnumus:gnumus_claw":3,"minecraft:cherry_planks":2,"gravestone:obituary":17,"minecraft:string":3,"minecraft:white_wool":2,"alexsmobs:maggot":2,"minecraft:sugar_cane":4,"minecraft:raw_copper":2,"biomesoplenty:redwood_sapling":96,"minecraft:rotten_flesh":5,"minecraft:oak_planks":1,"gnumus:gnumus_clay":26,"gnumus:gnumus_pouch_2":1,"minecraft:andesite":10,"minecraft:oak_sapling":4,"gnumus:gnumus_horn":2,"minecraft:spider_eye":2,"minecraft:spruce_log":1,"minecraft:wooden_pickaxe":2,"minecraft:stone_pickaxe":1}},"DataVersion":3465}