{"stats":{"minecraft:killed":{"capybaramod:capybara":2,"minecraft:cave_spider":6,"born_in_chaos_v1:zombie_lumberjack":2,"born_in_chaos_v1:zombie_clown_not_despawn":1,"minecraft:spider":1,"born_in_chaos_v1:maggot":2,"gnumus:gnumus_hunter":3,"born_in_chaos_v1:corpse_fish":7,"born_in_chaos_v1:baby_skeleton":1,"gnumus:big_snout":1,"minecraft:creeper":2,"born_in_chaos_v1:decrepit_skeleton":2,"minecraft:sheep":1,"minecraft:zombie":4,"born_in_chaos_v1:dread_hound":4,"alexsmobs:toucan":1,"born_in_chaos_v1:corpse_fly":2,"alexsmobs:fly":2,"minecraft:villager":1,"minecraft:cow":2},"minecraft:killed_by":{"born_in_chaos_v1:zombie_lumberjack":2,"born_in_chaos_v1:baby_skeleton":1,"minecraft:cave_spider":2,"minecraft:skeleton":5,"minecraft:zombie":3,"born_in_chaos_v1:door_knight":2},"minecraft:custom":{"minecraft:mob_kills":48,"minecraft:interact_with_crafting_table":17,"minecraft:damage_dealt_resisted":29,"minecraft:leave_game":14,"minecraft:time_since_death":2479,"minecraft:climb_one_cm":1765,"minecraft:sprint_one_cm":542303,"minecraft:walk_one_cm":235948,"minecraft:drop":18,"minecraft:talked_to_villager":1,"minecraft:play_time":488229,"minecraft:deaths":23,"minecraft:sneak_time":6943,"minecraft:walk_under_water_one_cm":4743,"minecraft:jump":3057,"minecraft:walk_on_water_one_cm":8565,"minecraft:total_world_time":488229,"minecraft:interact_with_furnace":9,"minecraft:sleep_in_bed":4,"minecraft:time_since_rest":2337,"minecraft:damage_taken":6957,"minecraft:damage_dealt":8688,"minecraft:swim_one_cm":21975,"minecraft:fly_one_cm":1446839,"minecraft:player_kills":1,"minecraft:open_chest":11,"minecraft:crouch_one_cm":15916,"minecraft:fall_one_cm":91907},"minecraft:used":{"moa_decor_toys:zombieahogado":1,"farmersdelight:cabbage_seeds":1,"minecraft:oak_sign":2,"born_in_chaos_v1:intoxicating_decoction":1,"moa_decor_toys:enderman":2,"moa_decor_toys:wither":1,"minecraft:rotten_flesh":2,"moa_decor_bath:inodoro":1,"minecraft:torch":25,"minecraft:dirt":6,"capybaramod:capybara_spawn_egg":18,"minecraft:carrot":2,"moa_decor_toys:gatosiames":2,"farmersdelight:wild_onions":1,"biomesoplenty:origin_grass_block":3,"moa_decor_toys:calamar":1,"farmersdelight:white_hanging_canvas_sign":1,"farmersdelight:roast_chicken":1,"born_in_chaos_v1:corpse_maggot":1,"minecraft:lantern":1,"minecraft:grass_block":35,"cozy_home:table_spruce_single":4,"born_in_chaos_v1:gnawed_bones":16,"minecraft:stone_bricks":4,"moa_decor_toys:invocador":1,"minecraft:furnace":2,"born_in_chaos_v1:pumpkin_bomb_spawn_egg":11,"torchmaster:megatorch":9,"gnumus:grilled_juicy_meat":3,"bakery:sweetberry_cake":2,"alexsmobs:spawn_egg_raccoon":9,"moa_decor_toys:cubodemagma":2,"moa_decor_toys:creeper":1,"minecraft:stone_pickaxe":127,"minecraft:oak_planks":14,"moa_decor_holidays:calabaza_pillager":1,"minecraft:wooden_pickaxe":23,"vanillaplustools:netherite_hammer":23,"born_in_chaos_v1:infected_diamond_ore":1,"bakery:sandwich":1,"minecraft:crafting_table":5,"minecraft:white_bed":2,"moa_decor_holidays:calabaza_zomvie_l":1,"moa_decor_holidays:calabaza_pillager_l":1,"bakery:chocolate_cake":1,"bakery:braided_bread":4,"bakery:bread":1,"moa_decor_toys:golemdehierro":1,"minecraft:oak_log":2,"bakery:bread_knife":57,"minecraft:apple":1,"moa_decor_toys:lepisma":2,"moa_decor_toys:esqueleto":3,"moa_decor_toys:aleanozombie":1,"minecraft:polished_andesite_slab":3,"minecraft:stone_axe":164,"beachparty:radio":2,"minecraft:cobblestone":2,"born_in_chaos_v1:rotten_fish":2,"moa_decor_toys:panda":1,"alexsmobs:animal_dictionary":13,"born_in_chaos_v1:zombie_clown_not_despawn_spawn_egg":1},"minecraft:picked_up":{"minecraft:crafting_table":3,"minecraft:wheat":1,"minecraft:chicken":3,"gnumus:gnumus_claw":3,"gravestone:obituary":3,"minecraft:string":8,"minecraft:raw_copper":6,"minecraft:item_frame":2,"born_in_chaos_v1:intoxicating_decoction":1,"minecraft:oak_sign":2,"minecraft:beef":5,"minecraft:rose_bush":1,"born_in_chaos_v1:gnawed_bones":3,"biomesoplenty:redwood_wood":371,"minecraft:sugar_cane":2,"minecraft:furnace":2,"minecraft:dark_oak_sapling":3,"minecraft:stick":43,"minecraft:raw_iron":12,"gnumus:juicy_meat":3,"minecraft:torch":1,"minecraft:cherry_log":1,"minecraft:carrot":1,"minecraft:rotten_flesh":18,"minecraft:peony":1,"gnumus:gnumus_chickpeas":5,"biomesoplenty:redwood_sapling":48,"gnumus:mouse_skin":8,"minecraft:mutton":5,"minecraft:cod":6,"minecraft:white_wool":2,"minecraft:cobblestone":40,"born_in_chaos_v1:corpse_maggot":1,"minecraft:feather":4,"born_in_chaos_v1:monster_flesh":1,"minecraft:glow_ink_sac":3,"minecraft:leather":5,"minecraft:oak_log":56,"minecraft:gunpowder":2,"minecraft:dirt":27,"minecraft:lantern":1,"gnumus:gnumus_pouch_2":1,"minecraft:bone":7,"minecraft:apple":1,"minecraft:wheat_seeds":5,"minecraft:oak_planks":2,"minecraft:scaffolding":2,"minecraft:sweet_berries":2,"gnumus:gnumus_cheese":1,"minecraft:white_bed":3,"minecraft:dark_oak_log":14,"minecraft:spider_eye":2,"minecraft:granite":1,"minecraft:bone_meal":2,"alexsmobs:maggot":2,"minecraft:oak_sapling":14,"born_in_chaos_v1:rotten_fish":5,"minecraft:black_wool":1,"minecraft:coal":63},"minecraft:mined":{"minecraft:white_bed":3,"minecraft:dark_oak_log":1,"minecraft:granite":3,"gravestone:gravestone":10,"minecraft:grass_block":10,"minecraft:furnace":2,"minecraft:iron_ore":12,"minecraft:andesite":2,"treechop:chopped_log":11,"minecraft:peony":1,"biomesoplenty:webbing":13,"minecraft:lantern":1,"gnumus:fragile_gnumus_jug":2,"biomesoplenty:spider_egg":4,"minecraft:stone":201,"biomesoplenty:hanging_cobweb_strand":1,"minecraft:crafting_table":3,"minecraft:rose_bush":3,"minecraft:copper_ore":7,"minecraft:tall_grass":7,"biomesoplenty:sprout":8,"minecraft:lapis_ore":5,"minecraft:oak_planks":1,"minecraft:diorite":10,"minecraft:grass":23,"minecraft:coal_ore":55,"minecraft:oak_log":9,"minecraft:dirt":10,"biomesoplenty:stringy_cobweb":6,"biomesoplenty:redwood_wood":3,"minecraft:oak_leaves":13,"minecraft:fern":6},"minecraft:broken":{"minecraft:stone_axe":1},"minecraft:crafted":{"minecraft:cherry_planks":4,"minecraft:oak_planks":212,"gnumus:grilled_juicy_meat":3,"minecraft:furnace":2,"minecraft:stone_pickaxe":3,"minecraft:dark_oak_planks":40,"minecraft:crafting_table":4,"minecraft:wooden_pickaxe":3,"minecraft:stone_axe":3,"minecraft:air":0,"minecraft:stick":36,"minecraft:torch":100},"minecraft:dropped":{"minecraft:iron_ingot":1,"born_in_chaos_v1:intoxicating_decoction":1,"born_in_chaos_v1:gnawed_bones":2,"gravestone:obituary":7,"alexsmobs:maggot":2,"minecraft:rotten_flesh":2,"minecraft:oak_planks":1,"gnumus:gnumus_pouch_2":1,"minecraft:spruce_log":1}},"DataVersion":3465}