{"stats":{"minecraft:crafted":{"minecraft:oak_planks":20,"minecraft:stone_axe":1,"minecraft:crafting_table":1,"minecraft:stick":8,"minecraft:stone_pickaxe":1,"minecraft:wooden_pickaxe":1},"minecraft:used":{"minecraft:stone_axe":14,"minecraft:crafting_table":1,"minecraft:stone_pickaxe":4,"minecraft:wooden_pickaxe":6},"minecraft:mined":{"minecraft:grass":2,"minecraft:grass_block":3,"minecraft:oak_log":1,"minecraft:dirt":6,"biomesoplenty:sprout":4,"minecraft:stone":8,"treechop:chopped_log":4,"minecraft:oak_leaves":2,"minecraft:fern":3},"minecraft:killed":{"gnumus:big_snout":1},"minecraft:picked_up":{"minecraft:stick":3,"minecraft:apple":1,"gnumus:juicy_meat":3,"minecraft:oak_log":17,"minecraft:oak_sapling":7,"minecraft:dirt":9,"minecraft:cobblestone":8},"minecraft:custom":{"minecraft:time_since_rest":5270,"minecraft:crouch_one_cm":531,"minecraft:play_time":5270,"minecraft:sprint_one_cm":12933,"minecraft:damage_taken":60,"minecraft:walk_one_cm":4498,"minecraft:sneak_time":692,"minecraft:mob_kills":1,"minecraft:jump":137,"minecraft:damage_dealt":300,"minecraft:time_since_death":5270,"minecraft:total_world_time":5270,"minecraft:interact_with_crafting_table":4,"minecraft:fly_one_cm":14892,"minecraft:fall_one_cm":1488}},"DataVersion":3465}