{"stats":{"minecraft:killed":{"capybaramod:capybara":2,"minecraft:cave_spider":8,"born_in_chaos_v1:restless_spirit":1,"born_in_chaos_v1:zombie_lumberjack":2,"born_in_chaos_v1:door_knight_not_despawn":2,"born_in_chaos_v1:zombie_clown_not_despawn":1,"minecraft:spider":9,"born_in_chaos_v1:zombie_bruiser":1,"born_in_chaos_v1:maggot":3,"minecraft:skeleton":3,"alexsmobs:leafcutter_ant":1,"minecraft:chicken":2,"gnumus:pitcher_mousse":3,"gnumus:gnumus_hunter":7,"alexsmobs:bison":1,"born_in_chaos_v1:corpse_fish":7,"gnumus:gnumus_hunter_not_dispawn":5,"minecraft:pig":8,"born_in_chaos_v1:baby_skeleton":1,"alexsmobs:seal":1,"gnumus:big_snout":3,"minecraft:creeper":3,"gnumus:marsupial_mousse":1,"born_in_chaos_v1:decrepit_skeleton":7,"minecraft:sheep":1,"minecraft:zombie":8,"born_in_chaos_v1:dread_hound":5,"alexsmobs:terrapin":1,"alexsmobs:toucan":1,"born_in_chaos_v1:corpse_fly":7,"alexsmobs:fly":2,"alexsmobs:crow":3,"minecraft:villager":1,"minecraft:cow":4},"minecraft:killed_by":{"born_in_chaos_v1:zombie_lumberjack":2,"born_in_chaos_v1:baby_skeleton":1,"minecraft:cave_spider":2,"minecraft:skeleton":9,"minecraft:zombie":3,"born_in_chaos_v1:door_knight":2},"minecraft:custom":{"minecraft:mob_kills":117,"minecraft:open_barrel":11,"minecraft:interact_with_crafting_table":30,"minecraft:damage_dealt_resisted":2217,"minecraft:leave_game":15,"minecraft:time_since_death":55567,"minecraft:climb_one_cm":3260,"minecraft:sprint_one_cm":848952,"minecraft:walk_one_cm":390270,"minecraft:damage_blocked_by_shield":1890,"minecraft:drop":234,"minecraft:talked_to_villager":1,"minecraft:play_time":583952,"minecraft:sneak_time":9522,"minecraft:deaths":29,"minecraft:walk_under_water_one_cm":14675,"minecraft:jump":5626,"minecraft:walk_on_water_one_cm":20468,"minecraft:total_world_time":583952,"minecraft:interact_with_furnace":35,"minecraft:sleep_in_bed":7,"minecraft:time_since_rest":19190,"minecraft:damage_taken":10891,"minecraft:damage_dealt":20257,"minecraft:player_kills":1,"minecraft:swim_one_cm":73172,"minecraft:fly_one_cm":2026543,"minecraft:open_chest":30,"minecraft:crouch_one_cm":23055,"minecraft:fall_one_cm":182281},"minecraft:used":{"moa_decor_toys:zombieahogado":1,"biomesoplenty:redwood_planks":135,"farmersdelight:cabbage_seeds":1,"minecraft:oak_sign":2,"born_in_chaos_v1:intoxicating_decoction":1,"moa_decor_toys:enderman":2,"minecraft:shield":39,"moa_decor_toys:wither":1,"minecraft:cooked_chicken":2,"minecraft:rotten_flesh":2,"moa_decor_bath:inodoro":1,"minecraft:torch":56,"minecraft:dirt":7,"capybaramod:capybara_spawn_egg":18,"minecraft:carrot":4,"moa_decor_toys:gatosiames":2,"farmersdelight:wild_onions":1,"biomesoplenty:origin_grass_block":3,"moa_decor_toys:calamar":1,"farmersdelight:roast_chicken":1,"farmersdelight:white_hanging_canvas_sign":1,"born_in_chaos_v1:corpse_maggot":4,"born_in_chaos_v1:smoked_flesh":17,"biomesoplenty:redwood_wood":16,"minecraft:lantern":1,"minecraft:grass_block":35,"cozy_home:table_spruce_single":4,"minecraft:iron_boots":1,"born_in_chaos_v1:gnawed_bones":16,"minecraft:stone_bricks":4,"moa_decor_toys:invocador":1,"minecraft:furnace":8,"born_in_chaos_v1:pumpkin_bomb_spawn_egg":11,"torchmaster:megatorch":9,"minecraft:egg":1,"gnumus:gnumus_clay_block":1,"minecraft:cooked_beef":13,"gnumus:grilled_juicy_meat":3,"bakery:sweetberry_cake":2,"minecraft:cooked_mutton":2,"alexsmobs:spawn_egg_raccoon":9,"moa_decor_toys:cubodemagma":2,"moa_decor_toys:creeper":1,"minecraft:stone_pickaxe":171,"minecraft:oak_planks":43,"moa_decor_holidays:calabaza_pillager":1,"minecraft:wooden_pickaxe":23,"vanillaplustools:netherite_hammer":23,"born_in_chaos_v1:infected_diamond_ore":1,"bakery:sandwich":1,"minecraft:crafting_table":13,"minecraft:white_bed":4,"moa_decor_holidays:calabaza_zomvie_l":1,"moa_decor_holidays:calabaza_pillager_l":1,"gnumus:gnumus_cheese":2,"bakery:chocolate_cake":1,"bakery:braided_bread":4,"bakery:bread":1,"moa_decor_toys:golemdehierro":1,"minecraft:oak_log":2,"bakery:bread_knife":57,"minecraft:diamond_pickaxe":19,"minecraft:apple":3,"moa_decor_toys:lepisma":2,"minecraft:bread":7,"minecraft:iron_pickaxe":24,"moa_decor_toys:esqueleto":3,"moa_decor_toys:aleanozombie":1,"minecraft:polished_andesite_slab":3,"minecraft:stone_axe":193,"minecraft:diamond_sword":273,"beachparty:radio":2,"born_in_chaos_v1:rotten_fish":2,"minecraft:cobblestone":2,"minecraft:cooked_porkchop":2,"moa_decor_toys:panda":1,"alexsmobs:animal_dictionary":13,"born_in_chaos_v1:zombie_clown_not_despawn_spawn_egg":1},"minecraft:picked_up":{"minecraft:crafting_table":6,"minecraft:wheat":1,"minecraft:chicken":5,"gnumus:gnumus_claw":9,"minecraft:wooden_pickaxe":1,"gravestone:obituary":7,"minecraft:string":21,"minecraft:raw_copper":8,"born_in_chaos_v1:intoxicating_decoction":2,"minecraft:item_frame":2,"minecraft:oak_sign":2,"minecraft:cobbled_deepslate":22,"minecraft:beef":15,"minecraft:rose_bush":1,"born_in_chaos_v1:gnawed_bones":3,"minecraft:azalea":1,"biomesoplenty:redwood_wood":371,"minecraft:sugar_cane":4,"minecraft:furnace":8,"minecraft:egg":1,"minecraft:dark_oak_sapling":6,"minecraft:stick":43,"minecraft:raw_iron":28,"born_in_chaos_v1:shattered_skull":2,"gnumus:juicy_meat":11,"minecraft:torch":11,"minecraft:porkchop":16,"minecraft:cherry_log":1,"minecraft:carrot":4,"biomesoplenty:redwood_planks":63,"minecraft:arrow":5,"minecraft:rotten_flesh":33,"minecraft:peony":1,"born_in_chaos_v1:spiny_shell":2,"gnumus:gnumus_chickpeas":5,"biomesoplenty:redwood_sapling":96,"gnumus:mouse_skin":8,"minecraft:mutton":5,"minecraft:cod":6,"minecraft:white_wool":3,"minecraft:cobblestone":58,"biomesoplenty:lavender":9,"born_in_chaos_v1:corpse_maggot":6,"gnumus:gnumus_doubloons":3,"minecraft:feather":8,"minecraft:cherry_planks":1,"born_in_chaos_v1:monster_flesh":2,"minecraft:glow_ink_sac":3,"minecraft:andesite":10,"minecraft:leather":9,"gnumus:gnumus_pouch":2,"minecraft:oak_log":56,"minecraft:gunpowder":2,"minecraft:dirt":30,"minecraft:lantern":1,"gnumus:gnumus_pouch_2":6,"minecraft:bone":21,"minecraft:apple":3,"gnumus:gnumus_horn":2,"minecraft:wheat_seeds":15,"minecraft:iron_ingot":1,"born_in_chaos_v1:smoked_flesh":5,"minecraft:oak_planks":71,"minecraft:scaffolding":2,"minecraft:sweet_berries":2,"born_in_chaos_v1:ethereal_spirit":1,"minecraft:dripstone_block":3,"gnumus:gnumus_cheese":3,"minecraft:white_bed":5,"minecraft:dark_oak_log":14,"minecraft:spider_eye":4,"minecraft:diamond":8,"gnumus:gnumus_clay":35,"minecraft:granite":1,"minecraft:bone_meal":2,"minecraft:bread":3,"alexsmobs:maggot":2,"minecraft:oak_sapling":16,"born_in_chaos_v1:rotten_fish":5,"minecraft:black_wool":1,"minecraft:coal":81},"minecraft:mined":{"minecraft:white_bed":5,"minecraft:deepslate_diamond_ore":8,"minecraft:dark_oak_log":1,"gravestone:gravestone":19,"minecraft:granite":3,"biomesoplenty:bush":2,"minecraft:grass_block":11,"alexsmobs:leafcutter_ant_chamber":2,"minecraft:moss_block":1,"minecraft:spawner":6,"biomesoplenty:tall_lavender":1,"gnumus:scion_weed":1,"minecraft:furnace":8,"minecraft:iron_ore":23,"biomesoplenty:lavender":3,"minecraft:andesite":7,"minecraft:moss_carpet":1,"treechop:chopped_log":11,"minecraft:peony":1,"minecraft:deepslate_iron_ore":3,"biomesoplenty:webbing":28,"minecraft:lantern":1,"minecraft:azalea":1,"gnumus:fragile_gnumus_jug":9,"minecraft:stone":216,"biomesoplenty:spider_egg":6,"biomesoplenty:redwood_planks":7,"biomesoplenty:hanging_cobweb_strand":1,"minecraft:crafting_table":6,"minecraft:torch":2,"minecraft:rose_bush":3,"minecraft:copper_ore":7,"minecraft:tall_grass":8,"biomesoplenty:sprout":8,"minecraft:lapis_ore":5,"minecraft:oak_planks":3,"minecraft:diorite":10,"minecraft:coarse_dirt":6,"minecraft:birch_leaves":2,"born_in_chaos_v1:river_mint":1,"minecraft:grass":36,"minecraft:oak_log":9,"minecraft:coal_ore":65,"gnumus:gnumus_clay_brick_slap":1,"minecraft:dirt":11,"biomesoplenty:stringy_cobweb":6,"biomesoplenty:redwood_wood":3,"minecraft:oak_leaves":14,"minecraft:deepslate":8,"minecraft:fern":6},"minecraft:broken":{"minecraft:stone_axe":1},"minecraft:crafted":{"minecraft:cherry_planks":4,"minecraft:oak_planks":212,"gnumus:grilled_juicy_meat":3,"minecraft:cooked_chicken":2,"minecraft:furnace":4,"minecraft:cooked_mutton":2,"minecraft:iron_boots":1,"minecraft:stone_pickaxe":3,"minecraft:dark_oak_planks":48,"minecraft:cooked_beef":15,"minecraft:diamond_sword":1,"minecraft:cooked_porkchop":3,"minecraft:crafting_table":9,"biomesoplenty:redwood_planks":256,"minecraft:wooden_pickaxe":3,"gnumus:gnumus_clay_block":1,"minecraft:stone_axe":3,"minecraft:bread":5,"minecraft:air":0,"minecraft:iron_chestplate":1,"minecraft:diamond_pickaxe":1,"minecraft:shield":1,"minecraft:stick":40,"minecraft:iron_ingot":12,"minecraft:iron_pickaxe":1,"minecraft:iron_leggings":1,"minecraft:torch":116},"minecraft:dropped":{"minecraft:iron_ingot":1,"minecraft:bread":3,"born_in_chaos_v1:intoxicating_decoction":2,"minecraft:iron_sword":1,"born_in_chaos_v1:shattered_skull":1,"minecraft:wheat_seeds":9,"minecraft:cooked_beef":2,"minecraft:dripstone_block":3,"minecraft:dark_oak_sapling":6,"biomesoplenty:lavender":9,"minecraft:feather":4,"minecraft:leather":7,"born_in_chaos_v1:monster_flesh":1,"minecraft:dirt":4,"born_in_chaos_v1:gnawed_bones":2,"gnumus:gnumus_claw":3,"minecraft:torch":6,"minecraft:cherry_planks":2,"gravestone:obituary":17,"minecraft:iron_pickaxe":1,"minecraft:string":10,"minecraft:white_wool":2,"minecraft:stone_axe":1,"alexsmobs:maggot":2,"minecraft:sugar_cane":4,"minecraft:cobbled_deepslate":7,"minecraft:raw_copper":2,"biomesoplenty:redwood_sapling":96,"minecraft:wheat":1,"minecraft:rotten_flesh":5,"born_in_chaos_v1:smoked_flesh":8,"minecraft:oak_planks":1,"gnumus:gnumus_clay":26,"gnumus:gnumus_pouch_2":1,"born_in_chaos_v1:spiny_shell":2,"born_in_chaos_v1:corpse_maggot":2,"minecraft:andesite":10,"minecraft:oak_sapling":4,"gnumus:gnumus_horn":2,"minecraft:spider_eye":2,"minecraft:spruce_log":1,"minecraft:wooden_pickaxe":2,"minecraft:stone_pickaxe":1}},"DataVersion":3465}