{"stats":{"minecraft:crafted":{"minecraft:oak_planks":124,"gnumus:grilled_juicy_meat":3,"minecraft:crafting_table":1,"minecraft:stick":8,"minecraft:wooden_pickaxe":1,"minecraft:stone_pickaxe":1,"minecraft:furnace":1,"minecraft:torch":20,"minecraft:stone_axe":1,"minecraft:air":0},"minecraft:used":{"minecraft:stone_pickaxe":63,"minecraft:oak_planks":3,"minecraft:wooden_pickaxe":8,"minecraft:dirt":1,"minecraft:torch":5,"minecraft:stone_axe":96,"born_in_chaos_v1:rotten_fish":2,"minecraft:crafting_table":2,"minecraft:furnace":2,"gnumus:grilled_juicy_meat":3},"minecraft:mined":{"minecraft:furnace":2,"biomesoplenty:hanging_cobweb_strand":1,"treechop:chopped_log":7,"minecraft:crafting_table":2,"gravestone:gravestone":4,"minecraft:grass":13,"minecraft:coal_ore":25,"minecraft:grass_block":6,"minecraft:oak_log":3,"biomesoplenty:webbing":4,"minecraft:dirt":6,"biomesoplenty:stringy_cobweb":6,"minecraft:tall_grass":4,"biomesoplenty:sprout":8,"minecraft:stone":14,"biomesoplenty:spider_egg":4,"minecraft:oak_leaves":4,"minecraft:fern":5},"minecraft:killed":{"minecraft:cave_spider":5,"minecraft:zombie":4,"born_in_chaos_v1:dread_hound":3,"alexsmobs:toucan":1,"born_in_chaos_v1:corpse_fly":2,"born_in_chaos_v1:baby_skeleton":1,"born_in_chaos_v1:corpse_fish":7,"gnumus:big_snout":1,"alexsmobs:fly":1},"minecraft:broken":{"minecraft:stone_axe":1},"minecraft:killed_by":{"minecraft:cave_spider":1,"minecraft:skeleton":2,"minecraft:zombie":1},"minecraft:picked_up":{"minecraft:stick":12,"minecraft:crafting_table":2,"gnumus:juicy_meat":3,"minecraft:oak_log":31,"minecraft:spider_eye":1,"minecraft:string":6,"minecraft:dirt":12,"minecraft:bone":1,"minecraft:rotten_flesh":5,"minecraft:apple":1,"minecraft:bone_meal":2,"born_in_chaos_v1:gnawed_bones":1,"born_in_chaos_v1:rotten_fish":5,"minecraft:oak_sapling":12,"minecraft:coal":33,"minecraft:cobblestone":14,"minecraft:furnace":2},"minecraft:custom":{"minecraft:time_since_rest":4006,"minecraft:interact_with_furnace":7,"minecraft:sprint_one_cm":99848,"minecraft:damage_taken":2095,"minecraft:walk_one_cm":40790,"minecraft:mob_kills":25,"minecraft:damage_dealt":3406,"minecraft:interact_with_crafting_table":7,"minecraft:swim_one_cm":5540,"minecraft:fly_one_cm":105848,"minecraft:crouch_one_cm":4084,"minecraft:play_time":27126,"minecraft:deaths":4,"minecraft:sneak_time":2290,"minecraft:walk_under_water_one_cm":1077,"minecraft:jump":802,"minecraft:leave_game":1,"minecraft:time_since_death":3973,"minecraft:walk_on_water_one_cm":2563,"minecraft:total_world_time":27126,"minecraft:fall_one_cm":21761}},"DataVersion":3465}