{"stats":{"minecraft:crafted":{"minecraft:oak_planks":124,"gnumus:grilled_juicy_meat":3,"minecraft:crafting_table":1,"minecraft:stick":8,"minecraft:wooden_pickaxe":1,"minecraft:stone_pickaxe":1,"minecraft:furnace":1,"minecraft:torch":20,"minecraft:stone_axe":1,"minecraft:air":0},"minecraft:used":{"minecraft:stone_pickaxe":41,"minecraft:wooden_pickaxe":8,"minecraft:torch":5,"minecraft:stone_axe":83,"born_in_chaos_v1:rotten_fish":2,"minecraft:crafting_table":2,"minecraft:furnace":1,"gnumus:grilled_juicy_meat":3},"minecraft:mined":{"minecraft:furnace":1,"biomesoplenty:hanging_cobweb_strand":1,"treechop:chopped_log":7,"minecraft:crafting_table":2,"gravestone:gravestone":1,"minecraft:grass":2,"minecraft:coal_ore":25,"minecraft:grass_block":5,"minecraft:oak_log":3,"biomesoplenty:webbing":4,"minecraft:dirt":6,"biomesoplenty:stringy_cobweb":5,"biomesoplenty:sprout":7,"minecraft:stone":14,"biomesoplenty:spider_egg":4,"minecraft:oak_leaves":4,"minecraft:fern":4},"minecraft:killed":{"minecraft:cave_spider":5,"minecraft:zombie":2,"born_in_chaos_v1:baby_skeleton":1,"born_in_chaos_v1:corpse_fish":7,"gnumus:big_snout":1,"alexsmobs:fly":1},"minecraft:killed_by":{"minecraft:cave_spider":1},"minecraft:picked_up":{"minecraft:stick":12,"minecraft:crafting_table":2,"gnumus:juicy_meat":3,"minecraft:oak_log":31,"minecraft:spider_eye":1,"minecraft:string":6,"minecraft:dirt":11,"minecraft:bone":1,"minecraft:rotten_flesh":3,"minecraft:apple":1,"minecraft:bone_meal":2,"born_in_chaos_v1:rotten_fish":5,"minecraft:oak_sapling":12,"minecraft:coal":33,"minecraft:cobblestone":14,"minecraft:furnace":1},"minecraft:custom":{"minecraft:time_since_rest":8868,"minecraft:interact_with_furnace":4,"minecraft:sprint_one_cm":59248,"minecraft:damage_taken":1175,"minecraft:walk_one_cm":24304,"minecraft:mob_kills":17,"minecraft:damage_dealt":2380,"minecraft:interact_with_crafting_table":7,"minecraft:swim_one_cm":4563,"minecraft:fly_one_cm":60379,"minecraft:crouch_one_cm":3602,"minecraft:play_time":17270,"minecraft:deaths":1,"minecraft:sneak_time":1728,"minecraft:walk_under_water_one_cm":766,"minecraft:jump":434,"minecraft:time_since_death":8838,"minecraft:walk_on_water_one_cm":1742,"minecraft:total_world_time":17270,"minecraft:fall_one_cm":8848}},"DataVersion":3465}