{"stats":{"minecraft:killed":{"alexscaves:trilocaris":5},"minecraft:killed_by":{"alexscaves:tremorsaurus":2,"alexscaves:vallumraptor":2},"minecraft:custom":{"minecraft:mob_kills":5,"minecraft:interact_with_crafting_table":6,"minecraft:leave_game":5,"minecraft:time_since_death":6651,"minecraft:time_since_rest":6676,"minecraft:sprint_one_cm":33912,"minecraft:damage_taken":1365,"minecraft:walk_one_cm":83240,"minecraft:drop":18,"minecraft:damage_dealt":622,"minecraft:fly_one_cm":59101,"minecraft:open_chest":12,"minecraft:crouch_one_cm":766,"minecraft:play_time":27611,"minecraft:deaths":4,"minecraft:sneak_time":554,"minecraft:walk_under_water_one_cm":252,"minecraft:jump":335,"minecraft:walk_on_water_one_cm":3937,"minecraft:total_world_time":27611,"minecraft:fall_one_cm":9789},"minecraft:picked_up":{"alexscaves:pewen_log":31,"minecraft:feather":2,"minecraft:chicken":2,"minecraft:jungle_log":128,"alexscaves:trilocaris_tail":1,"alexscaves:limestone":20,"alexscaves:flood_basalt":6,"minecraft:oak_log":15,"gravestone:obituary":5,"alexscaves:dinosaur_nugget":3,"alexscaves:pewen_planks":2,"minecraft:string":3,"minecraft:moss_carpet":2,"alexscaves:pewen_sapling":2,"minecraft:bone":15,"alexscaves:dinosaur_chop":2,"minecraft:wheat_seeds":1,"minecraft:rabbit":2,"biomesoplenty:redwood_wood":1,"minecraft:moss_block":4,"alexscaves:flytrap":2,"minecraft:furnace":1,"minecraft:stick":5,"alexscaves:limestone_spear":20,"alexscaves:cycad":2,"minecraft:carrot":4,"minecraft:dark_oak_planks":19,"alexscaves:pewen_wood":1,"minecraft:hay_block":6,"alexscaves:pine_nuts":14,"minecraft:oak_sapling":4,"minecraft:cobblestone":56},"minecraft:used":{"alexscaves:dinosaur_nugget":3,"minecraft:stone_sword":17,"minecraft:stone_pickaxe":28,"minecraft:crafting_table":1,"minecraft:carrot":6,"alexscaves:limestone_spear":43,"alexscaves:pewen_wood":1,"minecraft:stone_axe":4,"alexscaves:cycad":1,"alexsmobs:animal_dictionary":1,"minecraft:cobbled_deepslate":11},"minecraft:mined":{"alexscaves:flood_basalt":6,"alexscaves:limestone":20,"minecraft:crafting_table":1,"alexscaves:flytrap":1,"gravestone:gravestone":4,"minecraft:moss_block":2,"minecraft:hay_block":6,"treechop:chopped_log":5,"minecraft:grass":4,"alexscaves:cycad":2,"minecraft:dirt":1,"alexscaves:curly_fern":1,"minecraft:oak_leaves":2,"minecraft:fern":5},"minecraft:crafted":{"minecraft:crafting_table":1,"alexscaves:pewen_planks":12,"minecraft:stone_axe":1,"alexscaves:limestone_spear":16,"minecraft:stick":12,"minecraft:stone_pickaxe":1,"minecraft:stone_sword":1},"minecraft:dropped":{"farmersdelight:tomato_seeds":12,"minecraft:moss_carpet":1,"minecraft:moss_block":2,"minecraft:wheat_seeds":1,"alexscaves:pewen_sapling":2,"biomesoplenty:redwood_wood":1,"alexscaves:flytrap":1,"minecraft:chicken":2,"alexscaves:pewen_planks":2,"minecraft:beetroot_seeds":4,"minecraft:oak_sapling":4,"alexscaves:pine_nuts":7,"gravestone:obituary":6}},"DataVersion":3465}