{"stats":{"minecraft:killed":{"alexscaves:trilocaris":5},"minecraft:killed_by":{"alexscaves:tremorsaurus":2,"alexscaves:vallumraptor":7},"minecraft:custom":{"minecraft:mob_kills":5,"minecraft:interact_with_crafting_table":7,"minecraft:leave_game":6,"minecraft:time_since_death":1947,"minecraft:time_since_rest":1978,"minecraft:sprint_one_cm":83612,"minecraft:damage_taken":2475,"minecraft:walk_one_cm":100028,"minecraft:drop":27,"minecraft:damage_dealt":1039,"minecraft:fly_one_cm":166361,"minecraft:open_chest":20,"minecraft:crouch_one_cm":3218,"minecraft:play_time":42034,"minecraft:deaths":9,"minecraft:sneak_time":3849,"minecraft:walk_under_water_one_cm":252,"minecraft:jump":795,"minecraft:walk_on_water_one_cm":3937,"minecraft:total_world_time":42034,"minecraft:fall_one_cm":32578},"minecraft:picked_up":{"minecraft:crafting_table":1,"alexscaves:pewen_log":31,"minecraft:feather":2,"minecraft:chicken":2,"minecraft:jungle_log":128,"alexscaves:trilocaris_tail":1,"alexscaves:limestone":22,"alexscaves:flood_basalt":6,"minecraft:oak_log":15,"gravestone:obituary":11,"minecraft:gunpowder":8,"alexscaves:dinosaur_nugget":3,"alexscaves:pewen_planks":2,"minecraft:string":3,"minecraft:moss_carpet":2,"alexscaves:amber":1,"alexscaves:pewen_sapling":2,"minecraft:bone":15,"alexscaves:dinosaur_chop":2,"minecraft:wheat_seeds":1,"minecraft:cobbled_deepslate":1,"minecraft:rabbit":2,"biomesoplenty:redwood_wood":1,"minecraft:moss_block":4,"alexscaves:flytrap":2,"minecraft:furnace":1,"minecraft:stick":5,"alexscaves:limestone_spear":20,"alexscaves:cycad":7,"minecraft:carrot":4,"minecraft:dark_oak_planks":19,"alexscaves:pewen_wood":1,"minecraft:hay_block":6,"alexscaves:pine_nuts":14,"minecraft:oak_sapling":4,"minecraft:cobblestone":56},"minecraft:used":{"alexscaves:dinosaur_nugget":3,"minecraft:stone_sword":29,"minecraft:stone_pickaxe":32,"minecraft:crafting_table":2,"minecraft:carrot":6,"alexscaves:limestone":20,"alexscaves:limestone_spear":62,"alexscaves:pewen_wood":1,"minecraft:stone_axe":8,"alexscaves:cycad":1,"alexsmobs:animal_dictionary":1,"minecraft:cobbled_deepslate":14},"minecraft:mined":{"alexscaves:flood_basalt":6,"alexscaves:amber":1,"alexscaves:limestone":22,"minecraft:crafting_table":2,"alexscaves:flytrap":1,"gravestone:gravestone":9,"minecraft:moss_block":2,"minecraft:hay_block":6,"minecraft:cobbled_deepslate":1,"treechop:chopped_log":5,"minecraft:grass":4,"alexscaves:cycad":6,"minecraft:dirt":1,"alexscaves:curly_fern":1,"minecraft:oak_leaves":2,"minecraft:fern":6},"minecraft:crafted":{"minecraft:crafting_table":2,"alexscaves:pewen_planks":12,"minecraft:stone_axe":1,"alexscaves:limestone_spear":16,"minecraft:stick":12,"minecraft:stone_pickaxe":1,"minecraft:stone_sword":1},"minecraft:dropped":{"farmersdelight:tomato_seeds":12,"minecraft:moss_carpet":1,"minecraft:moss_block":2,"minecraft:wheat_seeds":1,"alexscaves:pewen_sapling":2,"biomesoplenty:redwood_wood":1,"alexscaves:flytrap":1,"farmersdelight:cabbage_seeds":2,"minecraft:chicken":2,"alexscaves:pewen_planks":2,"minecraft:gunpowder":8,"minecraft:beetroot_seeds":4,"minecraft:oak_sapling":4,"alexscaves:pine_nuts":7,"gravestone:obituary":13}},"DataVersion":3465}