{"stats":{"minecraft:killed":{"alexscaves:trilocaris":4},"minecraft:killed_by":{"alexscaves:tremorsaurus":2},"minecraft:custom":{"minecraft:time_since_rest":11495,"minecraft:damage_taken":550,"minecraft:sprint_one_cm":17976,"minecraft:walk_one_cm":57600,"minecraft:mob_kills":4,"minecraft:drop":2,"minecraft:damage_dealt":467,"minecraft:interact_with_crafting_table":5,"minecraft:fly_one_cm":32301,"minecraft:open_chest":12,"minecraft:crouch_one_cm":57,"minecraft:play_time":19163,"minecraft:deaths":2,"minecraft:sneak_time":236,"minecraft:walk_under_water_one_cm":252,"minecraft:jump":149,"minecraft:leave_game":4,"minecraft:time_since_death":11433,"minecraft:walk_on_water_one_cm":3832,"minecraft:total_world_time":19163,"minecraft:fall_one_cm":4194},"minecraft:picked_up":{"minecraft:stick":5,"alexscaves:pewen_log":17,"alexscaves:limestone_spear":2,"minecraft:chicken":2,"alexscaves:cycad":1,"alexscaves:trilocaris_tail":1,"alexscaves:limestone":20,"minecraft:oak_log":15,"gravestone:obituary":2,"minecraft:carrot":4,"alexscaves:dinosaur_nugget":3,"minecraft:moss_carpet":1,"minecraft:string":3,"minecraft:dark_oak_planks":19,"alexscaves:pewen_sapling":2,"minecraft:wheat_seeds":1,"alexscaves:pewen_wood":1,"minecraft:hay_block":6,"alexscaves:pine_nuts":7,"minecraft:rabbit":2,"minecraft:oak_sapling":4,"biomesoplenty:redwood_wood":1,"minecraft:moss_block":2,"alexscaves:flytrap":1,"minecraft:cobblestone":32,"minecraft:furnace":1},"minecraft:used":{"alexscaves:dinosaur_nugget":2,"alexscaves:limestone_spear":2,"minecraft:stone_sword":16,"minecraft:stone_pickaxe":22,"alexscaves:pewen_wood":1,"minecraft:stone_axe":1,"alexscaves:cycad":1,"minecraft:crafting_table":1,"alexsmobs:animal_dictionary":1},"minecraft:mined":{"minecraft:hay_block":6,"treechop:chopped_log":5,"minecraft:crafting_table":1,"alexscaves:limestone":20,"alexscaves:flytrap":1,"gravestone:gravestone":1,"minecraft:grass":3,"alexscaves:cycad":1,"minecraft:dirt":1,"minecraft:moss_block":2,"minecraft:oak_leaves":2,"minecraft:fern":5},"minecraft:crafted":{"alexscaves:limestone_spear":4,"minecraft:crafting_table":1,"minecraft:stick":12,"minecraft:stone_pickaxe":1,"minecraft:stone_sword":1,"alexscaves:pewen_planks":12,"minecraft:stone_axe":1},"minecraft:dropped":{"minecraft:wheat_seeds":1,"gravestone:obituary":1}},"DataVersion":3465}