{"stats":{"minecraft:killed_by":{"alexscaves:tremorsaurus":2},"minecraft:custom":{"minecraft:time_since_rest":3467,"minecraft:sprint_one_cm":13428,"minecraft:damage_taken":510,"minecraft:walk_one_cm":33011,"minecraft:drop":1,"minecraft:damage_dealt":83,"minecraft:fly_one_cm":26410,"minecraft:open_chest":5,"minecraft:crouch_one_cm":57,"minecraft:play_time":11135,"minecraft:deaths":2,"minecraft:sneak_time":235,"minecraft:jump":85,"minecraft:leave_game":1,"minecraft:walk_on_water_one_cm":687,"minecraft:time_since_death":3405,"minecraft:total_world_time":11135,"minecraft:fall_one_cm":3023},"minecraft:used":{"alexscaves:cycad":1,"alexsmobs:animal_dictionary":1},"minecraft:picked_up":{"minecraft:stick":5,"alexscaves:pewen_log":17,"minecraft:chicken":2,"alexscaves:cycad":1,"minecraft:oak_log":15,"gravestone:obituary":1,"minecraft:carrot":4,"minecraft:string":3,"minecraft:dark_oak_planks":19,"alexscaves:pewen_sapling":2,"alexscaves:pewen_wood":1,"minecraft:hay_block":6,"alexscaves:pine_nuts":7,"minecraft:rabbit":2,"biomesoplenty:redwood_wood":1,"minecraft:oak_sapling":4,"alexscaves:flytrap":1,"minecraft:furnace":1},"minecraft:mined":{"minecraft:hay_block":6,"treechop:chopped_log":5,"alexscaves:flytrap":1,"gravestone:gravestone":1,"minecraft:grass":3,"alexscaves:cycad":1,"minecraft:dirt":1,"minecraft:oak_leaves":2,"minecraft:fern":2},"minecraft:crafted":{"minecraft:crafting_table":1,"alexscaves:pewen_planks":12},"minecraft:dropped":{"gravestone:obituary":1}},"DataVersion":3465}