{"stats":{"minecraft:mined":{"minecraft:grass":1,"minecraft:dandelion":1},"minecraft:custom":{"minecraft:open_chest":1,"minecraft:time_since_rest":20681,"minecraft:sprint_one_cm":16561,"minecraft:play_time":20681,"minecraft:damage_taken":100,"minecraft:walk_one_cm":5686,"minecraft:sneak_time":5,"minecraft:walk_under_water_one_cm":559,"minecraft:mob_kills":1,"minecraft:jump":133,"minecraft:damage_dealt":218,"minecraft:leave_game":2,"minecraft:walk_on_water_one_cm":758,"minecraft:time_since_death":20681,"minecraft:total_world_time":20681,"minecraft:swim_one_cm":3540,"minecraft:fall_one_cm":3533,"minecraft:fly_one_cm":66682},"minecraft:picked_up":{"minecraft:raw_copper":2,"minecraft:wheat_seeds":6,"gnumus:gnumus_clay":15,"minecraft:dandelion":1,"minecraft:dripstone_block":3,"minecraft:iron_ingot":2,"minecraft:beef":6,"minecraft:porkchop":3,"gnumus:gnumus_chickpeas":3,"gnumus:mouse_skin":8,"minecraft:glow_berries":3,"minecraft:cobblestone":3},"minecraft:killed":{"minecraft:pig":1},"minecraft:used":{"minecraft:dandelion":1}},"DataVersion":3465}