{"stats":{"minecraft:mined":{"minecraft:dandelion":1,"minecraft:grass":2},"minecraft:killed":{"minecraft:pig":1,"born_in_chaos_v1:zombie_bruiser":1,"born_in_chaos_v1:maggot":2},"minecraft:custom":{"minecraft:time_since_rest":8046,"minecraft:sprint_one_cm":28539,"minecraft:damage_taken":260,"minecraft:walk_one_cm":15797,"minecraft:mob_kills":4,"minecraft:damage_dealt":953,"minecraft:damage_dealt_absorbed":10,"minecraft:swim_one_cm":3540,"minecraft:fly_one_cm":113853,"minecraft:open_chest":2,"minecraft:crouch_one_cm":56,"minecraft:play_time":56865,"minecraft:deaths":1,"minecraft:sneak_time":65,"minecraft:walk_under_water_one_cm":559,"minecraft:jump":265,"minecraft:damage_dealt_resisted":8,"minecraft:leave_game":3,"minecraft:walk_on_water_one_cm":758,"minecraft:time_since_death":8017,"minecraft:total_world_time":56865,"minecraft:fall_one_cm":4427},"minecraft:picked_up":{"born_in_chaos_v1:corpse_maggot":2,"gnumus:overripe_carrot":3,"minecraft:dandelion":1,"minecraft:dripstone_block":3,"minecraft:porkchop":3,"minecraft:oak_log":5,"minecraft:raw_copper":2,"minecraft:rotten_flesh":3,"minecraft:wheat_seeds":9,"gnumus:gnumus_clay":15,"minecraft:beef":6,"minecraft:iron_ingot":2,"gnumus:gnumus_chickpeas":9,"biomesoplenty:wildflower":1,"gnumus:mouse_skin":8,"minecraft:glow_berries":3,"minecraft:coal":3,"minecraft:cobblestone":3},"minecraft:killed_by":{"born_in_chaos_v1:zombie_lumberjack":1},"minecraft:used":{"born_in_chaos_v1:senor_pumpkin_spawn_egg":1,"gnumus:gnumus_merchant_spawn_egg":1,"moa_decor_toys:vaca":41,"gnumus:gnumus_hunter_spawn_egg":1,"minecraft:dandelion":1}},"DataVersion":3465}